movieId,budget
1,163
2,112
3,85
4,23
5,45
6,172
7,66
8,36
9,65
10,102
11,121
12,26
13,78
14,152
15,32
16,165
17,145
18,150
19,23
20,26
21,115
22,81
23,71
24,78
25,131
26,100
27,82
28,218
29,185
30,39
31,76
32,160
34,139
36,180
38,30
39,88
40,248
41,149
42,37
43,70
44,23
45,88
46,53
47,172
48,77
49,31
50,220
52,118
53,238
54,22
55,174
57,59
58,189
60,86
61,147
62,132
63,28
64,21
65,22
66,23
68,90
69,145
70,126
71,10
72,96
73,104
74,158
75,29
76,98
77,157
78,92
79,21
80,169
81,79
82,152
83,38
85,151
86,159
87,21
88,69
89,91
92,22
93,37
94,160
95,58
96,108
97,167
99,239
100,27
101,149
102,27
103,32
104,102
105,84
106,163
107,87
108,168
110,184
111,192
112,122
113,98
116,161
117,39
118,27
119,36
121,156
122,23
123,213
125,146
126,14
128,35
129,12
132,30
135,32
137,32
140,107
141,103
144,97
145,80
146,89
147,103
148,238
149,10
150,162
151,122
152,10
153,35
154,150
155,29
156,93
157,40
158,35
159,38
160,35
161,142
162,233
163,131
164,87
165,121
166,30
168,44
169,26
170,87
171,162
172,29
173,21
174,29
175,159
176,221
177,22
178,15
179,10
180,116
181,29
183,101
184,114
185,58
186,38
187,194
188,116
189,38
190,29
191,22
193,21
194,141
195,55
196,22
198,97
199,197
201,39
202,31
203,111
204,25
205,63
206,35
207,115
208,35
209,74
210,38
211,118
212,35
213,161
214,153
215,199
216,87
217,22
218,114
219,31
220,31
222,133
223,160
224,146
225,146
227,34
228,23
229,116
230,99
231,41
232,173
233,106
234,24
235,144
236,103
237,99
238,180
239,40
240,21
241,165
242,142
243,40
246,250
247,180
248,73
249,139
250,26
251,39
252,117
253,103
254,38
255,27
256,37
257,120
258,21
259,68
260,238
261,177
262,163
263,166
265,171
266,95
267,35
269,38
270,94
271,120
272,123
273,32
274,31
275,19
276,94
277,86
278,13
279,35
280,183
281,121
282,97
283,137
284,217
285,172
287,36
288,80
289,136
290,192
291,25
292,120
293,195
294,32
295,35
296,197
298,18
299,172
300,124
301,151
302,65
303,30
304,134
305,33
306,234
307,166
308,184
310,40
311,40
312,15
313,92
314,135
315,43
316,99
317,99
318,218
319,125
320,33
321,157
322,137
324,153
325,29
326,167
327,40
328,65
329,96
330,37
331,34
332,37
333,145
334,183
335,118
336,38
337,146
338,34
339,118
340,97
341,157
342,81
343,32
344,59
345,135
346,114
347,102
348,143
349,138
350,93
351,75
352,28
353,121
354,96
355,21
356,190
357,134
358,29
359,34
360,25
361,56
362,137
363,172
364,174
365,91
366,37
367,74
368,103
369,166
370,52
371,91
372,28
373,143
374,22
376,81
377,143
378,21
379,21
380,120
381,155
382,67
383,48
384,92
385,152
386,33
387,25
388,33
389,247
390,149
391,202
393,24
405,30
406,37
407,120
408,36
409,13
410,65
412,118
413,23
414,25
415,25
416,24
417,126
418,39
419,29
420,23
421,86
422,66
423,36
424,13
425,131
426,71
427,28
428,146
429,15
430,145
431,150
432,24
433,28
434,52
435,27
436,30
437,20
438,30
440,121
441,170
442,55
444,28
445,34
446,170
448,140
449,14
450,39
451,162
452,37
453,22
454,144
455,25
456,129
457,179
458,27
459,30
460,28
461,25
464,36
466,36
467,212
468,86
469,95
470,7
471,138
472,29
473,17
474,147
475,207
476,20
477,93
478,28
479,21
480,149
481,72
482,144
484,39
485,37
486,40
487,21
488,35
489,39
490,31
491,98
492,135
493,146
494,88
495,203
496,218
497,168
499,26
500,84
501,130
502,29
504,37
505,29
506,250
507,89
508,145
509,148
510,36
511,37
512,38
513,99
514,112
515,144
516,55
517,85
518,26
519,23
520,65
521,77
522,99
523,100
524,119
526,173
527,222
528,20
529,159
531,88
532,39
533,32
534,147
535,94
536,91
537,79
538,123
539,112
540,20
541,186
542,21
543,87
544,22
546,10
547,96
548,25
549,238
550,81
551,126
552,92
553,175
555,136
556,80
558,33
562,123
563,175
564,10
567,13
568,111
569,29
573,118
574,98
575,28
577,25
579,32
580,22
581,162
583,159
585,30
586,34
587,104
588,133
589,172
590,174
592,120
593,197
594,133
595,132
596,119
597,112
599,169
600,167
602,152
605,35
606,40
608,196
609,126
610,126
611,27
612,21
613,77
615,34
616,120
617,39
618,30
619,27
626,247
627,82
628,120
631,62
632,159
633,246
634,30
635,32
636,36
637,48
638,30
639,39
640,21
645,102
647,94
648,127
649,35
650,30
653,57
656,34
661,115
662,84
663,91
665,238
667,38
668,250
670,207
671,109
673,20
674,71
678,169
679,169
680,189
685,173
688,27
691,89
692,11
694,40
695,180
697,22
698,10
700,100
703,18
704,21
706,34
707,39
708,80
709,59
710,20
711,53
714,168
715,129
718,191
719,30
720,184
722,162
724,45
725,23
726,37
728,105
731,93
733,131
735,157
736,99
737,30
741,199
742,36
743,24
745,153
747,89
748,60
750,231
757,174
759,120
760,202
761,24
762,20
764,109
765,70
766,102
773,103
775,34
778,181
779,156
780,116
781,115
782,31
783,80
784,34
785,82
786,76
788,29
790,16
791,176
795,120
798,28
799,103
800,199
801,80
802,93
803,162
804,89
805,143
806,15
808,101
809,29
810,29
813,23
818,97
823,112
824,166
828,84
829,26
830,56
832,88
833,12
835,149
836,33
837,88
838,160
839,31
840,84
841,36
842,30
848,84
849,37
851,36
852,65
858,244
861,155
866,163
867,19
869,136
870,6
875,118
876,231
879,33
880,25
881,26
882,20
885,30
886,30
888,21
889,165
891,123
892,148
893,131
896,27
897,131
898,208
899,200
900,150
901,35
902,171
903,197
904,210
905,234
906,194
907,109
908,188
909,160
910,198
911,167
912,218
913,197
914,185
915,123
916,182
917,104
918,197
919,178
920,127
921,83
922,240
923,197
924,168
926,249
927,167
928,181
929,116
930,220
931,168
932,165
933,236
934,80
935,157
936,153
937,120
938,87
940,153
941,124
942,234
943,158
944,165
945,184
946,22
947,140
948,168
949,160
950,163
951,229
952,139
953,195
954,193
955,166
956,178
959,100
961,174
963,34
965,190
968,132
969,168
970,100
971,192
973,177
976,32
979,36
981,39
982,40
984,120
986,149
987,36
988,40
990,37
991,80
993,33
994,193
996,29
998,36
999,49
1003,21
1004,38
1005,30
1006,107
1007,29
1008,40
1009,54
1010,60
1011,34
1012,105
1013,99
1014,35
1015,31
1016,30
1017,114
1018,25
1019,101
1020,52
1021,22
1022,119
1023,122
1024,120
1025,128
1027,50
1028,157
1029,93
1030,23
1031,106
1032,87
1033,122
1034,54
1035,174
1036,166
1037,24
1040,38
1041,233
1042,80
1043,25
1046,227
1047,99
1049,120
1050,162
1051,176
1053,35
1054,19
1055,15
1056,45
1057,108
1059,131
1060,132
1061,139
1064,65
1066,213
1068,116
1073,174
1077,145
1078,114
1079,165
1080,155
1081,137
1082,135
1083,93
1084,185
1085,118
1086,188
1088,85
1089,220
1090,166
1091,20
1092,62
1093,118
1094,109
1095,142
1096,191
1097,133
1099,96
1100,21
1101,98
1103,187
1104,229
1105,234
1107,17
1111,188
1112,240
1114,38
1116,156
1117,109
1119,38
1120,128
1121,171
1123,217
1124,145
1125,121
1126,40
1127,110
1128,23
1129,118
1130,38
1131,189
1132,196
1135,80
1136,200
1137,153
1140,226
1144,157
1147,172
1148,190
1150,233
1151,202
1156,114
1161,142
1162,39
1163,1
1167,117
1170,24
1171,87
1172,197
1173,75
1175,158
1176,172
1177,159
1178,204
1179,150
1180,33
1183,138
1184,151
1185,170
1186,146
1187,133
1188,147
1189,172
1190,76
1191,112
1192,212
1193,203
1194,127
1196,233
1197,205
1198,211
1199,196
1200,163
1201,193
1202,173
1203,180
1204,200
1206,152
1207,191
1208,249
1209,211
1210,185
1211,153
1212,204
1213,203
1214,176
1215,200
1216,102
1217,205
1218,175
1219,189
1220,169
1221,221
1222,200
1223,181
1224,164
1225,192
1226,105
1227,182
1228,189
1230,179
1231,155
1232,127
1233,204
1234,176
1235,214
1236,246
1237,203
1238,190
1240,178
1241,193
1242,181
1243,175
1244,191
1245,222
1246,171
1247,187
1248,246
1249,185
1250,198
1251,191
1252,219
1253,164
1254,138
1255,33
1256,167
1257,133
1258,195
1259,192
1260,140
1261,195
1262,183
1263,155
1264,126
1265,167
1266,186
1267,216
1268,146
1269,168
1270,195
1271,103
1272,195
1273,189
1274,128
1275,120
1276,210
1277,198
1278,161
1279,195
1280,224
1281,180
1282,129
1283,217
1284,189
1285,147
1286,46
1287,161
1288,180
1289,161
1290,98
1291,188
1292,153
1293,157
1295,91
1296,128
1297,122
1298,148
1299,188
1300,197
1301,165
1302,123
1303,192
1304,173
1305,118
1306,26
1307,171
1310,218
1312,23
1318,19
1320,77
1321,111
1322,13
1323,10
1324,13
1325,11
1326,13
1327,22
1328,2
1329,21
1330,14
1331,15
1332,124
1333,127
1334,37
1335,18
1336,13
1337,227
1339,111
1340,73
1341,120
1342,23
1343,134
1344,160
1345,82
1346,39
1347,36
1348,146
1349,240
1350,150
1351,28
1352,23
1353,81
1354,187
1355,18
1356,157
1357,150
1358,163
1359,37
1361,182
1363,120
1365,147
1366,152
1367,56
1370,111
1371,45
1372,95
1373,21
1374,140
1375,86
1376,104
1377,52
1378,40
1379,34
1380,78
1381,22
1382,16
1385,40
1387,190
1388,28
1389,14
1390,20
1391,58
1392,182
1393,131
1394,165
1395,30
1396,113
1397,179
1398,23
1399,53
1401,80
1405,39
1406,246
1407,76
1408,156
1409,27
1411,165
1412,113
1413,246
1414,38
1415,21
1416,119
1417,83
1419,236
1422,22
1423,153
1425,40
1426,20
1427,9
1428,35
1429,131
1430,39
1431,28
1432,24
1437,212
1438,27
1439,21
1440,13
1441,101
1442,100
1445,26
1446,203
1447,95
1449,163
1453,20
1454,130
1456,14
1457,60
1458,177
1459,30
1460,91
1461,24
1464,92
1465,81
1466,124
1468,20
1473,150
1474,30
1475,176
1476,122
1477,176
1479,98
1480,82
1483,51
1484,121
1485,55
1487,31
1488,39
1489,39
1490,11
1493,111
1495,11
1496,162
1497,179
1498,31
1499,16
1500,139
1502,30
1503,36
1507,103
1513,33
1514,40
1515,24
1516,37
1517,134
1518,81
1519,14
1526,17
1527,129
1529,84
1533,202
1537,162
1541,29
1542,142
1544,24
1545,221
1546,119
1547,85
1549,177
1550,27
1551,21
1552,40
1554,23
1556,14
1562,23
1564,168
1565,163
1566,113
1569,104
1571,213
1572,32
1573,84
1574,16
1580,115
1581,21
1582,22
1583,33
1584,120
1585,33
1586,27
1587,80
1588,45
1589,85
1590,38
1591,24
1592,26
1593,38
1594,196
1596,213
1597,33
1598,21
1599,29
1600,115
1601,27
1602,11
1603,20
1604,90
1605,26
1606,20
1608,95
1609,22
1610,150
1611,182
1612,32
1613,174
1614,27
1615,30
1616,50
1617,180
1619,104
1620,79
1621,95
1623,20
1624,16
1625,129
1626,29
1627,87
1629,97
1631,242
1633,174
1635,157
1639,149
1641,124
1642,10
1643,121
1644,23
1645,120
1646,25
1647,25
1648,119
1649,23
1650,141
1652,228
1653,175
1654,104
1655,156
1656,177
1658,52
1659,150
1660,38
1661,35
1662,32
1663,121
1665,35
1667,30
1670,35
1671,38
1672,99
1673,192
1674,147
1675,100
1676,86
1677,12
1678,110
1679,14
1680,136
1681,20
1682,177
1683,219
1684,106
1685,36
1686,138
1687,88
1688,80
1689,30
1690,39
1693,111
1694,33
1695,172
1696,101
1699,156
1701,168
1702,33
1703,30
1704,194
1707,16
1711,66
1713,40
1717,32
1718,82
1719,224
1721,110
1722,40
1726,24
1727,128
1729,124
1730,90
1731,20
1732,179
1733,205
1734,199
1735,95
1739,155
1746,14
1747,81
1748,175
1752,26
1753,133
1754,108
1755,182
1757,12
1759,208
1760,14
1762,28
1767,37
1769,32
1770,29
1771,152
1772,30
1777,101
1779,29
1783,26
1784,139
1785,169
1791,28
1792,41
1793,171
1794,31
1797,214
1798,14
1799,105
1801,101
1804,40
1805,42
1806,22
1807,32
1809,177
1810,118
1812,129
1816,15
1821,28
1824,3
1825,102
1826,11
1827,98
1829,100
1831,21
1833,32
1834,168
1835,86
1836,246
1837,28
1839,31
1840,83
1841,34
1844,150
1845,164
1848,42
1855,20
1856,177
1857,116
1858,21
1859,149
1860,30
1862,17
1863,23
1866,32
1867,12
1870,31
1873,140
1875,175
1876,48
1881,16
1882,16
1883,100
1884,159
1885,67
1887,12
1888,25
1889,135
1891,15
1892,83
1893,240
1894,40
1895,100
1897,114
1900,164
1902,156
1904,90
1906,25
1907,149
1909,108
1910,10
1911,28
1912,168
1913,155
1914,94
1916,110
1917,56
1918,34
1919,26
1920,36
1921,168
1922,118
1923,137
1924,62
1926,38
1927,240
1928,109
1929,151
1931,187
1932,111
1933,39
1934,173
1936,164
1937,100
1938,162
1939,192
1940,161
1941,116
1942,208
1944,172
1945,197
1946,178
1947,135
1948,133
1949,232
1950,185
1951,120
1952,151
1953,174
1954,168
1955,162
1956,165
1957,192
1958,135
1959,133
1960,133
1961,174
1962,139
1963,95
1964,187
1965,89
1966,138
1967,171
1968,133
1969,30
1970,34
1971,27
1972,30
1973,30
1974,39
1975,25
1976,30
1977,28
1978,20
1979,83
1980,12
1981,10
1982,125
1983,27
1984,20
1985,16
1986,19
1987,25
1990,159
1991,22
1992,28
1993,13
1994,107
1995,15
1996,15
1997,165
1998,10
1999,13
2000,125
2001,67
2002,35
2003,86
2004,85
2005,121
2006,53
2007,102
2008,36
2009,114
2010,153
2011,144
2012,82
2013,42
2014,28
2015,93
2016,36
2017,53
2018,81
2019,190
2020,162
2021,108
2022,127
2023,88
2024,83
2025,179
2026,20
2027,19
2028,187
2032,11
2033,150
2034,22
2035,136
2036,27
2037,158
2038,21
2040,35
2041,91
2042,22
2043,20
2044,30
2046,100
2048,121
2050,33
2051,29
2052,29
2053,21
2054,23
2055,39
2056,33
2057,84
2058,93
2059,40
2060,49
2064,162
2065,135
2066,191
2067,182
2068,28
2069,201
2070,96
2071,82
2072,75
2073,129
2074,127
2075,236
2076,170
2077,86
2078,172
2080,96
2081,100
2082,23
2083,146
2084,24
2085,113
2087,132
2088,22
2089,111
2090,62
2091,27
2092,24
2093,39
2094,97
2095,35
2096,105
2097,39
2098,24
2099,104
2100,74
2102,20
2103,27
2104,173
2105,89
2106,123
2107,33
2108,119
2109,86
2110,95
2111,99
2112,67
2114,138
2115,130
2116,76
2117,140
2118,144
2119,20
2120,15
2121,28
2122,29
2123,28
2124,87
2125,121
2126,22
2130,134
2131,242
2132,194
2133,90
2134,70
2135,120
2136,20
2137,130
2138,188
2139,103
2140,126
2141,63
2142,29
2143,51
2144,148
2145,82
2146,91
2147,21
2148,54
2149,12
2150,153
2151,142
2152,10
2153,28
2154,14
2155,150
2156,151
2159,166
2160,189
2161,121
2162,26
2163,27
2164,4
2165,120
2166,26
2167,95
2169,30
2170,28
2171,86
2172,31
2174,120
2175,237
2176,174
2177,70
2178,114
2179,30
2180,105
2181,138
2182,32
2183,141
2184,111
2185,162
2186,179
2187,106
2188,15
2190,18
2193,95
2194,155
2195,89
2196,228
2201,102
2202,206
2203,186
2204,165
2205,40
2206,167
2207,37
2208,155
2210,83
2211,33
2212,128
2226,13
2227,112
2231,153
2232,102
2236,40
2239,221
2240,173
2241,118
2243,103
2244,19
2245,100
2247,37
2248,157
2249,68
2252,21
2253,27
2255,17
2256,23
2257,166
2259,65
2260,27
2261,39
2262,34
2263,27
2264,25
2265,20
2266,46
2267,20
2268,147
2269,32
2271,35
2272,21
2273,91
2275,132
2278,149
2279,30
2280,36
2281,30
2282,108
2283,119
2286,18
2287,129
2288,166
2289,151
2290,139
2291,143
2292,21
2294,97
2295,227
2296,26
2297,130
2298,176
2300,178
2301,126
2302,81
2303,126
2304,154
2306,27
2307,38
2310,137
2311,140
2312,153
2313,182
2314,241
2315,29
2316,93
2318,188
2320,37
2321,104
2322,58
2323,250
2324,197
2325,80
2327,129
2328,26
2329,215
2330,222
2331,35
2332,10
2333,188
2334,38
2335,72
2336,134
2337,87
2338,24
2339,20
2340,43
2342,179
2344,81
2346,77
2347,27
2348,111
2349,113
2350,107
2351,239
2352,171
2353,111
2354,28
2355,131
2356,26
2357,211
2358,174
2359,120
2360,239
2361,29
2362,175
2363,21
2364,17
2365,28
2366,127
2367,23
2368,14
2369,20
2370,33
2371,50
2372,20
2373,25
2374,77
2375,33
2376,87
2377,24
2378,53
2379,25
2380,20
2381,25
2382,24
2383,12
2384,28
2385,23
2387,105
2388,166
2389,13
2390,176
2391,143
2392,12
2393,69
2394,105
2395,120
2396,125
2398,188
2399,29
2400,34
2401,167
2402,24
2403,139
2404,14
2405,30
2406,110
2407,99
2408,29
2409,80
2410,30
2411,30
2412,15
2413,90
2414,93
2415,32
2416,38
2417,16
2418,26
2419,134
2420,132
2421,28
2422,14
2423,138
2424,67
2425,169
2427,86
2428,27
2429,28
2430,32
2431,94
2432,57
2433,46
2435,172
2436,240
2439,64
2442,180
2443,94
2445,21
2446,17
2447,87
2448,30
2450,30
2451,31
2453,22
2454,85
2455,91
2456,28
2457,140
2458,21
2459,99
2460,11
2462,33
2463,88
2465,12
2467,127
2468,22
2469,83
2470,71
2471,25
2472,36
2473,24
2474,101
2475,128
2476,150
2477,96
2478,64
2481,164
2482,32
2483,112
2485,38
2488,36
2490,102
2491,125
2492,39
2493,160
2494,163
2495,170
2496,66
2497,31
2498,24
2500,11
2501,135
2502,193
2503,170
2504,76
2505,39
2506,96
2511,204
2512,222
2513,34
2514,17
2515,11
2516,3
2517,31
2518,58
2520,22
2521,102
2522,85
2523,28
2524,96
2525,12
2526,17
2527,111
2528,87
2529,177
2530,30
2531,25
2532,30
2533,30
2534,27
2535,24
2537,11
2538,10
2539,43
2540,20
2541,91
2542,187
2544,33
2546,90
2548,10
2549,33
2550,160
2551,132
2552,13
2553,45
2554,60
2555,10
2557,207
2558,28
2559,37
2560,31
2561,26
2563,186
2565,195
2566,16
2567,39
2568,60
2570,79
2571,187
2572,133
2573,7
2574,14
2575,145
2577,30
2579,155
2580,157
2581,40
2582,37
2583,166
2585,224
2586,14
2587,100
2589,115
2590,20
2593,93
2594,133
2596,130
2597,26
2598,30
2599,144
2600,174
2605,39
2606,27
2607,151
2609,159
2611,32
2612,177
2613,37
2614,13
2615,31
2616,38
2617,66
2618,82
2620,35
2622,62
2623,13
2624,236
2625,23
2628,80
2629,26
2630,110
2632,163
2633,83
2634,97
2639,60
2640,134
2641,60
2642,30
2643,17
2644,97
2648,161
2651,8
2652,37
2654,137
2655,11
2656,37
2657,91
2659,12
2660,110
2661,34
2662,79
2664,128
2665,1
2668,36
2669,111
2670,124
2671,105
2672,39
2674,24
2676,73
2677,221
2681,38
2682,166
2683,75
2686,200
2687,112
2688,39
2690,149
2691,144
2692,164
2693,80
2694,65
2695,11
2696,215
2697,120
2698,19
2699,40
2700,173
2701,22
2702,81
2706,90
2707,82
2708,161
2709,79
2710,30
2712,113
2713,23
2716,149
2717,38
2718,76
2719,25
2720,22
2722,22
2723,57
2724,35
2725,13
2726,188
2727,36
2728,137
2729,106
2730,124
2731,174
2732,242
2733,16
2734,85
2735,20
2736,141
2737,174
2738,153
2739,152
2740,17
2741,17
2742,2
2743,30
2744,172
2745,110
2746,96
2747,39
2748,18
2749,171
2750,75
2751,176
2752,36
2754,14
2757,114
2759,107
2761,196
2762,162
2763,121
2764,151
2765,111
2766,80
2769,85
2770,34
2771,92
2772,31
2774,34
2775,19
2779,87
2782,82
2784,97
2786,15
2787,23
2788,183
2789,39
2790,16
2791,163
2792,73
2793,25
2794,21
2795,135
2796,23
2797,146
2798,20
2799,17
2800,22
2801,221
2802,42
2803,36
2804,172
2805,39
2806,27
2807,24
2808,24
2810,187
2812,32
2813,3
2815,26
2816,10
2817,13
2818,12
2819,133
2820,161
2822,75
2824,205
2826,33
2827,27
2828,15
2829,42
2835,7
2836,108
2837,36
2839,157
2840,31
2841,138
2843,165
2844,23
2846,168
2847,35
2848,168
2851,87
2852,155
2856,36
2857,81
2858,192
2859,173
2860,26
2861,80
2862,17
2863,118
2865,170
2866,139
2867,122
2868,18
2870,83
2871,161
2872,125
2874,144
2875,33
2876,16
2877,39
2878,20
2879,100
2880,45
2881,52
2882,15
2883,68
2884,15
2885,17
2886,20
2887,2
2888,26
2889,138
2890,132
2891,167
2892,15
2893,34
2894,177
2896,32
2897,151
2898,13
2899,31
2900,23
2901,38
2902,30
2903,25
2905,231
2906,21
2907,128
2908,148
2912,173
2915,114
2916,132
2917,175
2918,167
2919,153
2921,181
2922,142
2924,197
2925,188
2926,94
2927,101
2928,105
2929,82
2930,118
2931,189
2932,143
2935,168
2936,164
2937,200
2940,169
2941,122
2942,36
2943,200
2944,167
2946,97
2947,160
2948,121
2949,123
2950,20
2951,175
2952,122
2953,22
2956,62
2959,224
2961,22
2962,31
2964,2
2965,14
2966,175
2967,171
2968,135
2969,236
2970,88
2971,183
2972,201
2973,166
2974,29
2975,31
2976,107
2977,32
2978,36
2979,34
2982,14
2983,159
2984,248
2985,95
2986,26
2987,137
2988,171
2989,133
2990,87
2991,122
2992,101
2993,109
2995,30
2996,75
2997,174
3000,158
3002,150
3003,215
3004,22
3005,31
3006,128
3007,138
3008,172
3010,157
3011,84
3013,172
3014,17
3015,132
3016,59
3017,32
3018,112
3019,181
3020,120
3021,19
3022,180
3024,22
3028,22
3029,82
3030,220
3031,26
3032,138
3033,109
3034,147
3035,175
3036,128
3037,197
3038,181
3039,120
3040,87
3041,22
3042,27
3043,5
3044,138
3045,136
3046,230
3048,13
3051,29
3052,150
3053,163
3054,24
3055,83
3056,179
3057,160
3060,168
3061,148
3062,174
3063,21
3064,25
3066,160
3067,132
3068,209
3070,143
3071,117
3072,120
3073,204
3074,204
3075,194
3076,125
3077,172
3078,166
3079,49
3081,114
3082,84
3083,190
3086,211
3087,69
3088,171
3089,181
3090,188
3091,200
3093,128
3094,167
3095,196
3096,235
3097,146
3098,121
3099,53
3100,178
3101,47
3102,126
3103,23
3104,143
3105,146
3106,10
3107,87
3108,158
3109,111
3111,247
3112,32
3113,23
3114,167
3115,166
3117,165
3120,119
3125,176
3127,34
3129,133
3130,30
3132,19
3134,130
3135,143
3138,30
3141,16
3142,97
3143,36
3145,65
3146,30
3147,195
3148,147
3150,96
3152,248
3153,210
3155,142
3156,24
3157,33
3158,140
3159,173
3160,141
3161,35
3162,36
3163,150
3165,34
3167,119
3168,146
3169,86
3171,180
3173,33
3174,104
3175,129
3176,89
3177,91
3178,135
3179,89
3181,175
3182,157
3183,38
3185,98
3186,120
3189,148
3190,15
3192,38
3194,146
3196,147
3197,33
3198,174
3200,200
3201,216
3203,73
3204,124
3206,28
3208,27
3210,117
3211,120
3213,180
3214,101
3217,101
3219,71
3221,125
3223,40
3224,239
3225,14
3230,158
3235,145
3238,14
3240,83
3241,239
3243,27
3244,128
3246,193
3247,41
3248,15
3249,70
3250,78
3251,133
3252,142
3253,103
3254,85
3255,101
3256,122
3257,40
3258,38
3259,70
3260,152
3261,63
3262,112
3263,57
3264,27
3265,158
3266,231
3267,132
3268,11
3269,36
3270,30
3271,136
3272,116
3273,25
3274,86
3275,213
3276,15
3280,16
3281,17
3283,94
3284,40
3285,48
3286,25
3287,64
3289,219
3294,19
3295,160
3296,198
3298,147
3299,30
3300,136
3301,143
3302,244
3303,233
3306,199
3307,178
3308,33
3310,185
3313,11
3315,222
3316,26
3317,134
3323,153
3324,17
3325,23
3326,79
3327,149
3328,198
3329,180
3330,204
3331,17
3334,192
3341,209
3342,104
3344,167
3345,32
3347,192
3350,171
3353,243
3354,24
3355,61
3357,162
3358,175
3359,195
3360,136
3361,134
3362,180
3363,157
3364,135
3365,183
3368,91
3370,21
3372,154
3374,169
3378,158
3379,246
3384,243
3385,33
3386,103
3387,32
3388,26
3389,10
3390,19
3391,21
3392,30
3393,20
3394,30
3395,37
3396,142
3397,113
3398,95
3400,32
3401,20
3402,158
3403,176
3404,131
3405,33
3406,34
3408,120
3409,36
3410,151
3412,100
3414,177
3415,195
3417,31
3418,102
3420,77
3421,128
3422,89
3423,24
3424,183
3425,81
3426,60
3428,35
3429,206
3430,30
3431,10
3432,20
3433,9
3434,11
3435,222
3436,122
3438,38
3439,30
3440,26
3441,110
3442,19
3444,40
3445,114
3446,26
3447,179
3448,178
3449,154
3450,92
3451,240
3452,54
3453,40
3454,23
3455,27
3459,170
3461,44
3462,126
3466,34
3467,137
3468,227
3469,183
3470,230
3471,128
3473,233
3474,161
3475,249
3476,149
3477,85
3478,20
3479,95
3480,100
3481,150
3483,79
3484,21
3489,95
3492,180
3494,150
3496,240
3497,25
3498,160
3499,153
3500,40
3501,28
3502,118
3503,186
3504,187
3505,142
3506,39
3507,199
3508,227
3510,103
3511,25
3512,134
3513,48
3514,30
3515,141
3516,96
3519,40
3521,113
3524,29
3525,30
3526,147
3527,139
3528,90
3529,108
3531,206
3534,81
3535,150
3536,116
3537,87
3538,63
3539,96
3543,144
3544,24
3545,38
3546,239
3548,136
3549,171
3550,146
3551,107
3552,162
3553,27
3554,34
3555,114
3556,138
3557,40
3559,133
3563,23
3564,17
3565,116
3566,38
3567,232
3568,161
3569,168
3571,36
3572,13
3573,12
3574,14
3576,120
3577,14
3578,156
3580,104
3581,106
3584,11
3586,158
3587,22
3590,13
3591,24
3592,232
3593,20
3594,87
3596,3
3597,15
3598,38
3599,61
3604,2
3606,150
3608,33
3609,114
3614,33
3615,74
3616,90
3617,57
3618,134
3619,18
3622,31
3623,24
3624,74
3625,19
3626,84
3627,160
3628,36
3629,199
3632,156
3633,84
3634,158
3635,111
3637,220
3638,80
3639,129
3640,161
3641,180
3643,110
3646,29
3648,154
3649,25
3652,30
3653,193
3654,148
3655,224
3658,33
3660,11
3661,34
3662,37
3663,16
3664,15
3667,17
3668,150
3669,24
3671,169
3672,133
3673,231
3674,159
3675,192
3676,128
3677,184
3678,238
3679,139
3680,32
3681,185
3682,120
3683,165
3684,42
3685,123
3686,35
3687,209
3688,30
3689,20
3690,11
3691,35
3692,37
3693,21
3694,18
3695,15
3696,65
3697,34
3698,82
3699,65
3700,24
3701,74
3702,100
3703,185
3704,87
3705,30
3706,33
3707,27
3708,41
3709,11
3710,17
3711,170
3712,36
3713,163
3714,25
3715,24
3716,3
3717,97
3719,40
3720,152
3723,142
3724,87
3725,115
3726,130
3727,238
3728,129
3729,166
3730,232
3731,31
3732,35
3733,178
3735,149
3736,35
3737,172
3738,37
3739,112
3740,172
3741,189
3742,125
3743,14
3744,20
3745,111
3746,173
3747,103
3751,132
3752,43
3753,110
3754,20
3755,80
3756,164
3758,116
3760,110
3761,165
3763,84
3764,23
3765,37
3766,20
3767,13
3768,20
3769,84
3770,27
3771,167
3773,19
3774,13
3783,178
3784,28
3785,33
3786,30
3787,155
3788,130
3789,111
3790,179
3791,74
3792,211
3793,141
3794,23
3795,211
3797,29
3798,77
3799,20
3801,152
3802,14
3806,36
3807,40
3808,177
3809,98
3810,38
3811,172
3812,110
3813,197
3814,232
3816,154
3819,157
3821,26
3822,197
3823,156
3824,30
3825,20
3826,23
3827,30
3830,14
3831,160
3832,174
3833,20
3834,33
3835,29
3836,197
3837,25
3838,11
3839,18
3840,24
3841,34
3843,30
3844,90
3845,177
3846,148
3847,12
3849,173
3851,243
3852,84
3855,245
3857,168
3858,113
3859,124
3861,21
3862,138
3863,55
3864,30
3865,96
3868,102
3869,114
3870,30
3871,158
3872,110
3873,68
3877,25
3879,17
3882,27
3884,13
3888,159
3889,21
3893,94
3894,174
3895,20
3896,72
3897,177
3898,27
3899,10
3900,166
3901,94
3906,25
3908,14
3909,16
3910,177
3911,122
3912,28
3914,168
3915,144
3916,143
3917,87
3918,96
3919,22
3920,161
3922,11
3925,166
3926,33
3927,23
3928,149
3929,28
3930,22
3932,110
3933,2
3937,22
3938,25
3939,231
3940,249
3941,240
3942,239
3943,37
3945,34
3946,25
3947,100
3948,112
3949,162
3950,143
3951,243
3952,44
3953,20
3955,12
3957,27
3958,10
3959,146
3962,15
3963,127
3964,37
3965,107
3966,100
3967,157
3968,51
3969,117
3971,28
3972,198
3973,19
3974,40
3977,23
3978,55
3979,22
3980,96
3981,27
3983,200
3984,117
3985,84
3986,30
3987,26
3988,53
3989,150
3990,29
3991,24
3992,123
3993,32
3994,116
3996,157
3997,20
3998,49
3999,28
4000,33
4002,160
4003,86
4005,84
4006,80
4007,142
4008,133
4009,35
4010,33
4011,185
4012,29
4014,145
4015,24
4016,139
4017,127
4018,76
4019,142
4020,38
4021,246
4022,149
4023,68
4024,26
4025,53
4027,167
4029,170
4030,17
4031,20
4032,169
4033,164
4034,180
4035,34
4036,63
4037,155
4039,61
4040,29
4041,141
4042,99
4043,99
4046,179
4047,134
4051,17
4052,149
4053,22
4054,31
4055,171
4056,86
4061,150
4062,80
4063,25
4064,105
4065,27
4066,40
4067,96
4068,30
4069,31
4074,32
4077,203
4078,167
4079,203
4080,95
4081,15
4082,107
4083,172
4084,38
4085,102
4086,116
4089,16
4090,126
4091,96
4092,21
4093,10
4102,109
4103,158
4104,12
4105,163
4109,21
4110,35
4111,32
4113,40
4115,15
4116,219
4117,201
4121,74
4123,20
4124,14
4125,12
4126,103
4127,19
4128,127
4129,9
4130,14
4131,18
4132,27
4133,27
4135,227
4138,16
4139,33
4141,30
4142,204
4143,114
4144,225
4146,34
4147,170
4148,36
4149,21
4152,246
4153,22
4154,164
4155,94
4156,13
4157,238
4158,24
4159,27
4160,186
4161,84
4164,113
4166,24
4167,31
4168,26
4171,173
4174,40
4175,133
4178,112
4180,202
4181,13
4184,170
4187,152
4189,28
4190,180
4191,95
4193,168
4195,158
4197,31
4198,35
4200,100
4202,32
4203,79
4204,12
4205,69
4207,10
4210,156
4211,140
4212,30
4214,40
4215,20
4217,201
4218,116
4219,80
4220,86
4221,25
4223,137
4224,20
4225,176
4226,184
4228,20
4229,26
4231,105
4232,31
4233,11
4234,67
4235,169
4236,114
4237,153
4238,74
4239,170
4240,12
4241,28
4242,12
4243,150
4246,130
4247,22
4248,14
4251,10
4252,83
4254,28
4255,21
4256,136
4259,103
4260,13
4262,170
4263,153
4265,38
4267,98
4268,30
4270,48
4273,203
4275,31
4276,27
4278,196
4280,123
4282,116
4284,39
4285,35
4289,37
4290,18
4291,20
4292,119
4293,30
4294,158
4296,32
4297,136
4298,202
4299,87
4300,154
4304,126
4305,16
4306,177
4307,250
4308,143
4310,31
4312,100
4313,118
4316,17
4317,25
4321,96
4322,121
4323,172
4325,164
4326,150
4327,133
4329,146
4333,68
4334,202
4337,115
4338,235
4339,124
4340,28
4342,215
4343,47
4344,76
4345,173
4347,171
4349,135
4350,215
4351,87
4353,40
4354,29
4355,14
4356,128
4357,230
4359,98
4361,117
4366,97
4367,39
4368,23
4369,57
4370,84
4371,20
4372,82
4373,77
4374,247
4378,121
4380,157
4381,100
4383,112
4384,35
4386,35
4387,150
4388,27
4389,136
4390,111
4392,34
4393,221
4394,11
4395,153
4396,28
4397,30
4399,139
4402,244
4403,39
4404,164
4406,216
4407,219
4408,102
4409,82
4410,174
4412,6
4419,205
4420,35
4422,179
4424,142
4426,154
4427,134
4428,81
4429,201
4432,190
4433,217
4434,170
4436,30
4437,155
4438,180
4439,130
4440,122
4441,187
4442,27
4443,26
4444,187
4445,153
4446,97
4447,72
4448,121
4449,20
4450,149
4451,114
4452,23
4453,103
4454,208
4458,176
4459,167
4462,19
4463,12
4464,149
4465,145
4466,25
4467,143
4470,35
4471,12
4473,40
4474,39
4475,153
4476,29
4477,15
4478,117
4480,30
4482,69
4483,14
4484,127
4487,32
4488,84
4489,105
4490,20
4492,35
4495,245
4496,119
4497,33
4498,34
4499,191
4500,159
4502,13
4504,20
4505,31
4506,60
4508,103
4509,33
4511,11
4516,31
4517,13
4518,135
4519,99
4520,26
4521,37
4522,12
4523,104
4524,39
4526,58
4527,24
4529,162
4531,21
4533,138
4534,22
4535,93
4537,234
4541,120
4544,32
4545,99
4546,152
4552,103
4553,125
4557,38
4558,20
4562,175
4563,18
4564,37
4565,22
4568,29
4571,147
4572,40
4573,20
4574,89
4577,157
4578,25
4580,14
4581,173
4583,169
4584,17
4585,98
4587,22
4589,14
4591,35
4593,24
4594,40
4595,113
4597,14
4599,23
4600,83
4602,33
4603,25
4605,145
4608,22
4610,15
4611,175
4612,214
4613,14
4614,20
4615,169
4616,101
4617,113
4619,20
4621,21
4622,29
4623,129
4624,34
4625,18
4626,113
4628,64
4629,20
4630,7
4632,38
4634,172
4635,13
4636,21
4638,35
4639,25
4640,150
4641,112
4642,199
4643,21
4644,134
4645,208
4646,17
4649,133
4653,35
4654,25
4658,105
4660,180
4661,34
4662,62
4663,36
4666,31
4670,25
4671,110
4672,23
4673,19
4675,8
4676,14
4677,51
4678,112
4679,33
4681,128
4683,84
4686,14
4687,104
4688,94
4689,118
4690,86
4695,161
4697,24
4699,29
4700,56
4701,91
4703,93
4704,37
4705,40
4708,230
4709,32
4710,117
4711,157
4713,134
4714,17
4715,36
4717,179
4718,52
4719,23
4720,145
4721,20
4722,39
4723,14
4725,123
4727,61
4728,42
4732,10
4733,23
4734,62
4735,25
4736,24
4738,169
4740,100
4741,143
4743,86
4744,23
4745,121
4748,25
4749,15
4750,2
4754,162
4756,10
4757,29
4759,151
4765,217
4766,153
4769,36
4770,30
4771,25
4772,110
4773,35
4774,21
4775,14
4776,129
4777,26
4780,13
4782,28
4783,104
4784,36
4785,178
4786,8
4787,82
4788,237
4789,236
4792,71
4794,31
4795,135
4796,99
4798,114
4799,82
4800,29
4801,154
4802,35
4803,149
4804,107
4808,23
4809,189
4810,13
4811,39
4812,27
4813,229
4814,25
4815,32
4816,137
4818,15
4821,42
4822,26
4823,63
4825,36
4826,207
4827,39
4828,120
4830,168
4831,39
4833,90
4835,115
4836,144
4840,174
4844,24
4845,19
4846,103
4847,36
4848,176
4849,100
4850,92
4852,20
4855,141
4857,164
4860,20
4862,20
4863,99
4864,30
4865,150
4866,36
4867,56
4871,111
4873,120
4874,100
4876,25
4877,116
4878,164
4879,33
4880,167
4881,131
4883,155
4885,12
4886,172
4887,22
4888,153
4889,107
4890,52
4893,24
4896,144
4898,21
4899,26
4900,34
4901,117
4902,86
4903,30
4909,13
4911,101
4912,142
4914,171
4915,27
4916,98
4917,167
4919,113
4920,130
4921,157
4925,32
4926,11
4927,37
4928,67
4929,29
4932,20
4936,90
4939,36
4941,71
4942,241
4945,153
4946,173
4947,103
4951,115
4952,10
4953,23
4954,122
4956,233
4957,115
4958,89
4959,90
4961,26
4962,18
4963,166
4964,101
4965,100
4966,37
4967,181
4969,123
4970,180
4971,48
4973,195
4974,25
4975,106
4976,150
4977,116
4978,177
4979,145
4980,60
4981,172
4985,13
4987,17
4988,17
4989,36
4990,64
4991,83
4992,82
4993,190
4994,110
4995,155
4998,111
5004,104
5007,27
5008,248
5009,37
5010,161
5011,143
5012,168
5013,121
5014,126
5015,83
5016,34
5021,36
5023,176
5025,22
5026,157
5027,31
5028,20
5033,25
5034,136
5039,192
5040,63
5041,12
5046,32
5047,89
5048,27
5049,129
5051,30
5053,18
5054,120
5055,35
5059,230
5060,158
5062,104
5063,39
5064,167
5065,51
5066,103
5068,159
5069,97
5071,156
5072,171
5073,180
5074,63
5075,122
5076,20
5077,39
5080,29
5081,21
5083,116
5088,215
5092,34
5093,20
5094,19
5095,236
5096,11
5099,23
5102,27
5103,106
5105,2
5106,27
5107,57
5108,36
5109,167
5110,144
5111,11
5112,34
5113,26
5114,168
5116,117
5120,186
5121,169
5127,113
5128,22
5131,97
5134,37
5135,167
5136,26
5137,166
5139,82
5146,80
5147,137
5151,39
5152,100
5155,205
5156,26
5159,63
5165,152
5168,37
5170,29
5171,35
5177,115
5178,170
5181,209
5187,156
5189,11
5197,13
5198,104
5202,87
5205,22
5209,15
5212,34
5213,16
5214,27
5218,149
5219,51
5220,22
5221,37
5222,93
5224,210
5225,157
5226,26
5231,109
5237,152
5238,117
5239,152
5240,180
5241,239
5244,234
5246,28
5247,29
5248,16
5250,176
5254,100
5255,26
5256,30
5258,13
5264,27
5265,83
5266,37
5267,85
5268,29
5269,169
5272,37
5275,14
5278,13
5279,236
5282,91
5283,30
5284,28
5285,165
5288,248
5291,164
5292,159
5293,81
5294,179
5296,36
5297,24
5298,102
5299,96
5300,175
5303,112
5304,176
5307,38
5308,32
5309,28
5311,33
5312,32
5313,28
5316,66
5319,107
5321,15
5322,177
5323,19
5324,24
5325,134
5328,229
5329,96
5333,92
5334,19
5337,32
5338,10
5339,170
5341,127
5345,37
5346,16
5347,21
5348,180
5349,142
5353,39
5356,17
5357,102
5358,37
5361,14
5363,20
5364,100
5365,170
5372,117
5373,155
5375,35
5377,140
5378,73
5379,229
5380,157
5382,33
5384,35
5385,216
5387,155
5388,85
5389,113
5390,30
5391,150
5397,30
5398,167
5400,31
5401,11
5404,215
5409,139
5410,27
5414,40
5415,65
5416,228
5417,160
5418,158
5419,33
5420,30
5421,102
5422,158
5423,36
5424,30
5425,243
5427,29
5428,13
5433,23
5434,126
5435,38
5437,31
5438,26
5440,35
5442,14
5443,11
5444,152
5445,132
5446,130
5447,100
5448,10
5449,33
5450,71
5451,36
5452,18
5454,28
5455,13
5456,10
5458,24
5459,39
5460,126
5461,26
5462,25
5463,29
5464,120
5465,33
5466,179
5468,200
5470,228
5471,17
5472,120
5475,164
5476,15
5477,174
5478,21
5479,112
5480,22
5481,37
5483,162
5485,80
5486,29
5489,166
5490,209
5493,165
5497,105
5498,218
5499,85
5500,183
5501,19
5502,74
5503,179
5504,21
5505,92
5506,95
5507,21
5508,149
5512,96
5513,231
5515,115
5521,95
5522,112
5523,27
5524,27
5525,117
5527,101
5528,120
5529,98
5530,27
5531,24
5532,161
5537,230
5538,13
5539,14
5540,137
5541,61
5543,26
5544,142
5548,34
5550,102
5553,31
5556,13
5560,13
5562,29
5563,37
5564,12
5568,36
5569,81
5570,162
5572,30
5573,30
5574,129
5575,19
5577,143
5580,117
5581,20
5582,20
5584,105
5585,30
5588,103
5589,33
5590,21
5591,20
5596,10
5597,15
5601,165
5602,110
5603,220
5604,120
5607,211
5608,173
5609,30
5610,19
5611,20
5612,12
5613,171
5614,231
5615,102
5617,164
5618,182
5619,169
5620,58
5621,27
5625,108
5628,111
5629,19
5630,118
5632,132
5633,149
5635,31
5636,27
5637,222
5638,19
5640,37
5643,106
5644,118
5646,172
5649,39
5650,145
5651,32
5657,206
5663,117
5664,17
5665,20
5666,147
5667,91
5668,28
5669,124
5670,33
5672,12
5673,130
5675,12
5678,30
5679,81
5680,69
5682,88
5684,40
5685,231
5688,24
5689,12
5690,181
5693,100
5694,30
5696,28
5699,156
5700,18
5704,15
5706,15
5707,81
5710,29
5712,141
5720,20
5723,216
5733,160
5735,15
5736,19
5741,168
5742,163
5745,211
5746,222
5747,239
5749,39
5752,36
5755,15
5764,249
5767,120
5768,40
5771,5
5772,224
5773,30
5779,17
5780,40
5782,157
5784,23
5785,104
5786,226
5787,24
5788,128
5791,147
5792,134
5796,21
5797,10
5799,112
5801,26
5802,170
5803,30
5804,25
5809,86
5810,82
5812,160
5816,146
5817,237
5818,211
5820,102
5826,106
5828,20
5829,165
5833,240
5836,18
5838,152
5839,165
5840,172
5841,18
5843,23
5847,115
5849,205
5853,90
5856,170
5863,13
5867,212
5872,33
5873,161
5874,23
5875,21
5876,168
5878,190
5879,13
5880,10
5881,42
5882,141
5883,19
5884,20
5888,201
5889,245
5890,248
5891,30
5893,85
5896,157
5899,174
5900,26
5901,215
5902,161
5903,151
5909,84
5912,233
5915,250
5919,231
5922,28
5925,11
5927,32
5929,35
5932,136
5938,222
5941,35
5942,33
5943,30
5944,62
5945,61
5947,32
5949,220
5951,84
5952,197
5953,179
5954,151
5955,125
5956,138
5957,97
5959,96
5961,11
5962,12
5963,102
5965,182
5968,155
5969,29
5970,77
5971,169
5974,31
5975,100
5979,32
5980,114
5984,117
5986,168
5988,25
5989,159
5990,120
5991,149
5992,134
5993,30
5994,159
5995,193
5999,29
6001,186
6002,85
6003,140
6005,33
6006,23
6009,32
6012,21
6013,17
6014,24
6016,180
6020,108
6021,204
6022,21
6023,109
6025,31
6027,189
6030,12
6031,115
6033,30
6035,91
6036,37
6039,27
6040,30
6041,155
6042,30
6044,20
6049,168
6051,182
6055,27
6057,11
6058,51
6059,95
6060,40
6062,46
6063,99
6064,172
6067,168
6070,173
6078,24
6086,217
6090,108
6093,92
6095,116
6100,167
6101,173
6104,200
6107,179
6111,102
6116,24
6119,176
6122,160
6123,156
6124,28
6125,103
6140,22
6141,40
6143,37
6145,13
6148,39
6153,16
6155,97
6156,97
6157,24
6158,39
6159,228
6162,67
6163,202
6166,15
6169,25
6170,112
6178,170
6181,155
6182,33
6183,169
6184,224
6185,30
6186,40
6187,176
6188,143
6192,248
6193,155
6195,152
6196,118
6197,90
6201,244
6202,118
6203,19
6204,30
6210,32
6212,19
6213,28
6214,152
6215,33
6216,144
6217,37
6218,100
6219,36
6220,26
6222,32
6223,90
6225,36
6228,151
6232,180
6234,106
6235,246
6237,151
6238,38
6239,28
6241,161
6242,105
6244,102
6245,112
6246,169
6249,25
6250,24
6251,17
6252,22
6254,249
6263,130
6264,27
6265,24
6266,60
6267,13
6268,133
6269,203
6270,218
6271,11
6273,118
6279,178
6280,26
6281,74
6283,164
6285,155
6286,169
6287,55
6288,179
6289,110
6290,29
6291,103
6294,21
6295,11
6296,126
6297,114
6298,24
6299,118
6300,223
6301,160
6302,9
6303,134
6305,144
6306,193
6308,24
6310,22
6313,20
6314,17
6315,13
6316,13
6319,20
6320,16
6322,30
6323,123
6324,26
6327,102
6329,34
6330,37
6331,160
6332,31
6333,129
6334,114
6335,154
6336,31
6337,116
6338,25
6339,157
6341,82
6342,11
6344,120
6345,246
6347,5
6348,10
6349,16
6350,193
6357,34
6358,112
6365,92
6367,31
6368,164
6370,151
6371,1
6373,86
6374,26
6375,160
6376,100
6377,150
6378,126
6379,34
6380,172
6382,39
6383,30
6385,146
6386,174
6387,124
6390,118
6395,112
6400,115
6402,236
6405,97
6407,17
6408,205
6410,150
6412,128
6415,170
6417,165
6422,167
6424,3
6425,10
6427,166
6428,38
6429,158
6433,99
6434,39
6436,81
6440,186
6442,235
6448,161
6449,30
6452,174
6453,113
6454,103
6460,201
6461,160
6464,17
6465,36
6466,116
6476,37
6477,35
6480,31
6482,10
6483,3
6484,31
6493,19
6502,169
6503,23
6506,114
6509,154
6510,39
6514,4
6515,210
6516,115
6517,29
6523,29
6527,39
6528,14
6530,202
6533,204
6534,21
6535,30
6536,121
6537,50
6538,122
6539,121
6541,21
6542,118
6545,227
6547,29
6548,36
6549,100
6550,34
6551,159
6552,139
6553,160
6554,10
6557,3
6558,27
6559,26
6560,14
6561,31
6563,25
6564,23
6565,133
6566,13
6567,115
6568,85
6571,173
6572,117
6573,170
6574,16
6577,117
6578,107
6579,180
6581,27
6582,28
6583,160
6584,64
6586,59
6587,11
6588,153
6591,230
6592,166
6593,95
6595,95
6596,101
6597,34
6598,105
6603,22
6604,153
6609,116
6611,225
6612,210
6614,28
6615,28
6616,21
6617,150
6618,160
6619,37
6620,162
6624,11
6625,21
6628,20
6629,119
6631,18
6636,125
6638,25
6639,102
6643,25
6644,155
6645,120
6650,80
6654,103
6656,171
6658,91
6659,103
6660,110
6662,105
6663,84
6664,116
6665,211
6666,232
6667,102
6669,118
6670,28
6671,150
6678,101
6679,150
6684,177
6686,30
6687,16
6688,111
6689,160
6691,30
6692,15
6695,11
6696,27
6699,36
6702,29
6705,24
6706,118
6707,36
6708,134
6709,86
6710,137
6711,186
6713,124
6715,109
6718,28
6720,22
6721,81
6722,29
6723,33
6724,134
6731,135
6732,127
6734,15
6744,25
6746,10
6748,33
6750,39
6751,30
6752,100
6753,110
6754,104
6755,87
6760,35
6763,22
6764,67
6765,94
6768,174
6769,31
6770,112
6772,31
6773,137
6774,144
6775,162
6776,181
6777,137
6780,89
6782,159
6783,112
6785,147
6786,166
6787,181
6788,20
6789,155
6790,120
6791,225
6793,20
6794,11
6796,147
6797,38
6798,21
6800,30
6803,103
6804,11
6807,175
6808,163
6809,37
6810,20
6811,24
6812,30
6814,30
6816,153
6817,37
6818,226
6820,157
6821,37
6827,11
6832,133
6835,239
6836,106
6837,33
6850,27
6851,24
6852,137
6853,6
6856,158
6857,145
6858,134
6860,16
6862,118
6863,111
6867,131
6868,110
6869,155
6870,138
6872,13
6873,63
6874,175
6879,118
6880,11
6881,53
6882,20
6883,30
6884,33
6885,30
6886,107
6887,181
6888,25
6889,38
6890,149
6893,162
6898,94
6899,103
6902,177
6909,100
6911,116
6912,100
6918,131
6920,119
6927,175
6932,114
6934,69
6935,158
6936,141
6938,163
6939,175
6942,129
6944,100
6945,244
6946,25
6947,145
6948,180
6949,114
6950,130
6951,23
6952,80
6953,94
6954,159
6957,98
6958,24
6959,19
6961,153
6962,111
6963,226
6965,102
6966,173
6967,7
6969,222
6970,149
6971,155
6973,26
6974,30
6975,75
6978,94
6979,83
6981,142
6982,119
6983,233
6984,175
6985,170
6986,30
6987,179
6989,118
6990,111
6992,23
6993,135
6994,99
6996,11
6997,34
6998,12
6999,28
7000,37
7001,130
7004,33
7005,12
7007,106
7008,205
7009,81
7010,106
7012,33
7013,180
7015,78
7016,12
7017,110
7018,178
7019,30
7022,166
7023,249
7024,144
7025,149
7026,21
7027,73
7028,135
7030,22
7031,177
7032,161
7033,64
7034,170
7036,78
7037,212
7038,157
7040,23
7041,24
7044,122
7045,76
7046,21
7047,30
7048,88
7049,38
7050,147
7051,103
7052,33
7053,170
7054,101
7055,151
7056,212
7057,114
7058,103
7059,127
7060,178
7061,164
7062,166
7063,165
7064,84
7065,15
7067,99
7069,112
7070,162
7071,223
7072,115
7073,23
7074,108
7075,106
7076,160
7078,156
7079,113
7080,166
7082,146
7083,34
7084,143
7085,82
7086,120
7087,178
7088,173
7089,176
7090,163
7091,164
7092,104
7093,128
7096,203
7099,173
7101,38
7102,29
7103,100
7104,30
7107,22
7108,94
7109,36
7114,15
7115,27
7116,79
7117,20
7118,139
7121,219
7122,236
7123,106
7124,67
7125,11
7127,107
7131,38
7132,180
7134,174
7137,126
7139,171
7141,150
7142,38
7143,176
7147,176
7149,131
7150,28
7151,93
7153,184
7154,23
7155,21
7156,246
7158,126
7160,136
7161,10
7162,80
7163,34
7164,41
7165,38
7167,39
7169,153
7171,104
7173,60
7175,30
7176,109
7177,103
7178,39
7179,29
7181,110
7184,220
7190,104
7191,12
7192,35
7193,40
7202,31
7205,31
7206,162
7208,143
7209,111
7211,117
7212,215
7215,120
7216,185
7217,174
7218,216
7219,179
7222,100
7223,30
7225,149
7228,27
7234,210
7235,107
7236,168
7238,166
7243,111
7245,14
7247,101
7248,101
7251,178
7254,121
7255,39
7256,161
7257,18
7258,20
7259,29
7260,111
7261,29
7262,10
7263,99
7264,160
7265,136
7266,156
7282,18
7285,141
7292,22
7293,149
7294,84
7297,127
7299,126
7301,114
7302,102
7303,158
7304,153
7305,26
7306,34
7307,39
7308,21
7310,88
7311,128
7312,6
7315,14
7316,21
7317,64
7318,20
7319,23
7320,89
7321,27
7323,156
7324,85
7325,80
7326,118
7327,148
7328,110
7333,220
7335,172
7336,106
7340,24
7344,101
7345,172
7346,62
7347,92
7348,113
7349,30
7352,178
7354,97
7357,101
7360,153
7361,183
7362,81
7364,167
7366,35
7367,28
7368,117
7369,21
7371,195
7372,40
7373,82
7375,42
7376,38
7377,119
7379,104
7380,90
7381,68
7382,228
7386,135
7387,151
7390,11
7394,27
7395,27
7396,161
7411,17
7414,24
7419,139
7438,161
7439,106
7440,87
7443,113
7444,60
7445,131
7448,28
7449,30
7450,26
7451,121
7454,28
7455,37
7457,109
7458,111
7459,231
7460,135
7477,25
7479,154
7481,155
7482,181
7486,204
7487,158
7492,174
7493,152
7541,93
7560,176
7561,112
7562,26
7564,23
7566,175
7569,161
7570,95
7572,223
7573,73
7579,145
7581,83
7584,179
7587,173
7614,221
7615,209
7616,23
7618,110
7619,129
7620,175
7624,22
7636,4
7646,34
7647,135
7649,28
7650,14
7657,128
7669,130
7698,150
7700,88
7701,19
7702,101
7704,11
7705,152
7706,199
7707,18
7708,14
7713,177
7714,171
7716,115
7720,23
7727,33
7728,142
7730,39
7742,8
7743,109
7745,170
7748,177
7749,159
7753,103
7756,156
7757,109
7762,136
7766,160
7767,210
7772,115
7773,164
7781,11
7782,40
7786,101
7789,159
7802,158
7810,91
7811,168
7812,128
7815,206
7820,138
7822,30
7826,104
7831,102
7832,102
7833,102
7834,36
7835,117
7839,120
7840,72
7841,123
7842,246
7843,207
7844,101
7845,25
7846,37
7879,102
7882,30
7883,19
7884,83
7888,220
7889,132
7891,32
7894,105
7895,115
7896,109
7899,217
7900,34
7916,116
7920,120
7924,112
7925,230
7926,177
7930,149
7932,142
7934,152
7936,172
7937,114
7938,109
7939,234
7940,203
7943,154
7944,36
7951,11
7976,223
7979,109
7980,130
7981,229
7982,98
7983,186
7984,159
7986,3
7987,25
7988,13
7991,132
7993,29
8008,180
8010,176
8011,157
8012,136
8014,226
8015,117
8016,166
8019,177
8024,104
8025,211
8033,129
8035,20
8042,178
8043,16
8044,132
8045,11
8057,30
8092,40
8093,109
8094,100
8117,178
8118,179
8119,32
8121,19
8125,173
8126,111
8128,187
8131,117
8132,248
8136,15
8137,20
8138,28
8142,243
8143,110
8147,179
8153,27
8154,139
8157,103
8158,159
8167,153
8169,96
8183,64
8188,117
8189,36
8190,180
8191,178
8195,169
8196,104
8197,156
8199,30
8207,198
8225,154
8228,141
8232,105
8235,162
8236,10
8238,242
8239,160
8241,169
8253,99
8254,219
8261,183
8264,106
8266,25
8268,227
8270,132
8275,101
8290,15
8293,114
8302,118
8327,209
8331,155
8335,108
8336,120
8337,155
8338,170
8340,140
8341,169
8360,141
8361,40
8362,23
8363,144
8364,99
8366,163
8368,153
8369,30
8370,162
8371,99
8372,20
8373,22
8375,22
8376,95
8378,168
8379,34
8380,22
8382,21
8383,17
8385,31
8387,13
8391,34
8402,12
8405,233
8410,102
8424,179
8425,18
8426,152
8427,10
8446,29
8447,17
8450,37
8451,88
8454,100
8456,150
8458,107
8459,102
8461,106
8462,37
8463,161
8464,133
8465,111
8477,239
8481,38
8482,13
8484,200
8487,117
8491,126
8492,87
8493,57
8494,2
8495,30
8500,22
8501,129
8502,35
8506,28
8507,70
8511,243
8512,104
8518,101
8521,18
8526,26
8528,141
8529,94
8530,133
8531,33
8532,29
8533,127
8534,118
8535,180
8542,163
8571,112
8574,18
8575,33
8577,163
8578,99
8580,235
8581,172
8582,244
8587,114
8588,165
8591,117
8593,168
8596,81
8600,150
8601,164
8604,68
8605,83
8607,160
8609,89
8610,26
8611,112
8614,35
8617,32
8620,14
8622,104
8623,82
8626,12
8632,20
8633,140
8636,176
8638,144
8640,35
8641,145
8643,86
8644,119
8645,154
8650,117
8656,150
8665,124
8666,15
8667,110
8670,160
8677,20
8684,104
8685,115
8690,158
8695,38
8711,31
8712,39
8713,34
8714,22
8718,113
8720,13
8724,237
8727,18
8730,177
8738,201
8743,32
8748,170
8753,100
8754,169
8755,30
8771,34
8772,5
8773,32
8774,119
8778,124
8781,54
8782,24
8783,79
8784,141
8795,246
8796,46
8798,146
8799,25
8800,206
8804,222
8807,102
8808,21
8809,81
8810,33
8813,156
8814,19
8815,21
8827,157
8830,18
8831,115
8832,81
8833,105
8835,28
8836,96
8838,185
8840,4
8844,31
8848,116
8860,35
8861,39
8864,28
8865,25
8866,76
8869,91
8870,26
8873,126
8874,196
8875,155
8879,93
8880,107
8894,14
8905,24
8906,26
8907,22
8908,146
8910,120
8911,244
8912,18
8914,131
8915,108
8916,37
8917,118
8918,38
8919,201
8920,119
8921,117
8928,150
8933,158
8934,1
8937,134
8938,177
8939,146
8943,14
8946,22
8947,20
8948,29
8949,140
8950,173
8951,35
8952,111
8954,152
8955,30
8957,64
8958,131
8959,24
8961,162
8964,34
8965,70
8966,68
8967,11
8968,149
8969,50
8970,146
8972,94
8973,141
8974,33
8977,21
8978,24
8979,162
8981,143
8982,40
8983,147
8984,100
8985,37
8987,33
8989,104
8998,151
9004,13
9005,17
9008,22
9010,181
9018,216
25746,30
25750,30
25752,176
25753,171
25757,164
25769,245
25771,246
25773,177
25782,13
25788,149
25795,119
25797,107
25805,229
25825,96
25826,101
25827,117
25833,173
25834,179
25841,197
25850,39
25856,83
25865,178
25870,102
25886,166
25887,204
25898,178
25905,113
25906,208
25923,110
25927,33
25937,82
25940,119
25946,119
25947,250
25952,174
25959,22
25962,38
25963,158
25996,114
25999,112
26002,104
26003,200
26038,164
26048,229
26052,27
26059,237
26073,201
26078,226
26082,205
26084,174
26095,3
26116,243
26122,217
26124,17
26131,202
26133,166
26142,20
26147,203
26150,209
26151,120
26152,40
26158,156
26159,143
26169,249
26171,73
26172,39
26176,25
26183,231
26184,105
26195,33
26198,28
26225,222
26231,155
26236,172
26237,177
26242,62
26249,127
26258,176
26265,249
26283,33
26285,24
26303,159
26308,173
26313,152
26317,108
26322,78
26326,226
26340,125
26344,33
26347,154
26350,201
26357,164
26359,245
26365,25
26366,208
26375,138
26386,112
26391,29
26394,160
26399,119
26401,209
26409,27
26413,96
26422,64
26429,168
26444,171
26453,163
26464,39
26467,36
26471,237
26472,104
26492,38
26498,35
26504,84
26510,20
26523,107
26524,213
26527,161
26528,236
26539,38
26542,38
26547,207
26554,215
26555,22
26562,34
26564,116
26567,12
26578,185
26585,166
26587,236
26590,10
26593,10
26599,150
26603,208
26606,229
26612,176
26614,96
26622,37
26629,20
26630,33
26631,146
26645,169
26649,127
26662,196
26676,20
26680,135
26681,161
26686,17
26693,154
26694,115
26695,105
26696,12
26700,21
26701,30
26704,164
26712,174
26713,207
26717,12
26726,20
26729,139
26732,152
26736,215
26741,20
26743,29
26745,24
26750,87
26761,31
26764,19
26765,20
26776,156
26777,170
26778,40
26782,11
26791,13
26792,20
26796,109
26797,37
26810,212
26812,24
26819,29
26828,19
26838,36
26840,233
26849,244
26854,20
26861,116
26865,98
26870,21
26871,22
26875,173
26887,32
26900,30
26901,28
26903,124
26913,20
26928,226
26940,24
26947,28
26958,104
26965,117
26974,62
26985,216
26999,34
27002,109
27003,34
27006,103
27008,16
27020,80
27022,167
27032,109
27036,32
27074,14
27075,32
27105,23
27124,10
27134,150
27140,35
27155,10
27156,236
27176,200
27178,153
27186,158
27193,157
27246,162
27251,27
27255,108
27266,191
27306,20
27311,119
27317,136
27320,240
27328,236
27329,173
27368,155
27369,156
27370,225
27373,214
27397,234
27408,81
27416,139
27420,10
27426,30
27434,19
27441,87
27450,20
27473,26
27478,32
27480,215
27482,129
27491,40
27513,38
27523,249
27537,119
27539,22
27549,15
27555,129
27563,220
27584,101
27592,146
27595,16
27604,71
27611,164
27618,23
27619,234
27627,238
27644,110
27660,133
27664,80
27667,39
27674,138
27683,15
27685,13
27689,20
27692,115
27695,34
27704,214
27705,20
27706,66
27708,165
27716,221
27721,146
27722,186
27728,25
27731,147
27741,162
27744,224
27746,37
27751,205
27762,30
27768,137
27769,34
27772,29
27773,183
27776,212
27778,30
27784,14
27788,37
27790,114
27793,19
27801,180
27802,31
27803,167
27808,92
27815,170
27816,27
27820,177
27821,87
27822,30
27826,150
27829,111
27830,28
27831,172
27834,233
27837,37
27838,148
27839,29
27846,165
27850,136
27865,22
27866,107
27869,223
27873,65
27878,152
27879,200
27882,153
27899,28
27904,133
27905,120
27912,86
30707,154
30745,224
30749,123
30793,39
30803,202
30810,105
30812,147
30816,60
30818,11
30820,165
30822,119
30825,66
30846,115
30848,70
30850,139
30883,14
30890,32
30894,20
30898,62
30994,162
31000,23
31030,177
31038,167
31049,27
31083,17
31086,110
31101,101
31114,40
31116,175
31123,21
31150,20
31162,36
31184,151
31193,104
31221,21
31223,20
31225,46
31260,103
31297,104
31309,112
31364,227
31367,19
31410,157
31420,61
31422,11
31424,9
31427,26
31431,15
31433,79
31435,202
31437,210
31445,22
31522,247
31545,174
31553,6
31590,36
31610,174
31617,32
31658,195
31660,34
31664,120
31685,79
31692,17
31694,84
31696,105
31698,3
31700,65
31702,157
31737,114
31804,98
31851,37
31867,36
31878,146
31903,166
31909,179
31921,26
31923,170
31925,152
31952,107
31973,101
32009,28
32011,25
32017,27
32019,22
32022,149
32029,56
32031,42
32058,13
32060,30
32116,25
32139,152
32179,176
32213,21
32234,177
32243,110
32289,81
32291,42
32294,113
32296,30
32298,24
32300,33
32302,180
32314,113
32387,243
32392,22
32440,19
32442,23
32456,216
32460,224
32469,228
32511,212
32515,28
32554,150
32582,223
32584,70
32587,175
32589,12
32596,48
32598,30
32600,118
32620,111
32632,103
32649,171
32657,216
32659,20
32666,17
32728,161
32743,33
32770,215
32799,104
32862,155
32875,37
32892,29
32898,105
32906,113
32914,35
32917,179
33004,114
33085,27
33090,160
33124,119
33126,29
33132,11
33138,249
33145,34
33148,25
33154,164
33158,12
33162,108
33164,17
33166,172
33171,10
33188,26
33201,218
33237,172
33294,24
33310,207
33312,101
33421,147
33435,116
33437,104
33493,120
33495,22
33499,28
33558,40
33564,221
33615,82
33629,29
33639,90
33644,29
33646,74
33649,205
33660,185
33669,53
33672,34
33677,103
33679,90
33681,11
33683,144
33725,73
33779,240
33781,40
33794,151
33801,40
33815,34
33826,22
33830,65
33834,78
33836,27
33838,109
33880,121
33893,205
33896,100
33903,177
33966,11
34018,32
34048,68
34072,132
34129,31
34143,12
34148,38
34150,27
34153,154
34162,149
34164,108
34271,120
34292,19
34312,242
34319,83
34321,38
34323,136
34326,35
34330,32
34332,35
34334,26
34336,15
34338,80
34359,164
34397,39
34405,179
34437,112
34450,203
34520,22
34523,14
34528,133
34530,33
34532,35
34534,148
34536,69
34540,33
34542,122
34800,20
34811,23
35015,119
35347,16
35807,170
35836,121
35957,93
36276,26
36289,165
36363,123
36397,14
36401,24
36477,178
36509,28
36517,117
36519,100
36525,29
36527,139
36529,148
36533,29
36535,134
36537,91
36708,134
36850,145
36931,120
37211,35
37240,115
37380,29
37382,32
37384,82
37386,25
37444,156
37475,32
37477,23
37495,105
37545,99
37720,34
37727,35
37729,148
37731,142
37733,106
37736,108
37739,82
37741,151
37830,123
37844,10
37853,25
37857,122
38038,140
38061,185
38095,187
38159,212
38164,179
38198,172
38294,25
38304,222
38388,240
38583,24
38798,75
38886,118
38992,106
39183,144
39231,119
39234,119
39292,148
39307,28
39381,132
39400,25
39414,38
39427,38
39435,39
39444,88
39446,34
39449,27
39516,238
39715,27
39801,27
39869,184
40148,83
40278,125
40339,26
40412,229
40414,120
40478,28
40491,232
40578,38
40581,31
40583,135
40597,12
40614,80
40617,30
40629,142
40697,28
40723,84
40732,130
40815,174
40819,123
40826,60
40851,82
40870,114
40946,14
40955,178
40959,142
40962,92
40966,105
41014,176
41285,104
41527,169
41566,118
41569,96
41571,147
41573,34
41617,26
41627,117
41712,175
41716,88
41724,210
41769,25
41828,221
41863,150
41997,157
42002,85
42004,120
42007,30
42009,11
42011,25
42013,21
42015,37
42018,12
42176,165
42191,128
42285,37
42418,68
42422,246
42556,210
42559,36
42602,105
42632,166
42638,28
42718,122
42723,38
42725,20
42728,144
42730,130
42732,112
42734,86
42738,47
42740,103
42761,224
42943,20
42946,179
43289,154
43333,117
43376,239
43396,148
43419,7
43460,99
43549,117
43556,22
43558,10
43560,74
43677,12
43679,32
43684,202
43708,61
43744,117
43836,36
43869,112
43871,30
43904,20
43908,38
43912,14
43914,152
43917,40
43919,20
43921,80
43928,17
43930,32
43932,16
43936,39
44004,97
44020,20
44022,86
44189,158
44191,163
44193,133
44195,195
44197,40
44199,148
44204,85
44225,19
44238,21
44241,12
44243,1
44301,103
44397,44
44399,15
44511,112
44555,200
44597,162
44613,146
44633,202
44657,35
44665,175
44694,159
44709,149
44719,28
44731,18
44759,23
44761,174
44773,39
44777,207
44788,101
44828,36
44840,28
44849,27
44851,202
44864,93
44889,215
44929,239
44931,239
44937,179
44943,244
44972,20
44974,104
45028,142
45062,25
45074,21
45081,35
45106,35
45175,132
45183,40
45186,129
45208,20
45210,183
45221,23
45361,16
45382,81
45431,115
45440,87
45442,30
45447,70
45499,96
45501,27
45503,226
45517,80
45635,40
45648,23
45658,16
45662,30
45666,29
45668,44
45672,35
45720,130
45722,130
45726,29
45728,155
45730,38
45732,17
45880,65
45928,134
45950,130
45969,23
46062,14
46105,213
46231,14
46322,67
46335,23
46337,20
46347,174
46367,11
46530,55
46559,116
46572,107
46574,30
46578,180
46664,22
46723,101
46772,25
46850,157
46855,233
46862,116
46865,19
46948,64
46965,23
46967,84
46970,92
46972,91
46974,20
46976,141
47044,29
47099,138
47122,21
47124,94
47200,118
47202,154
47254,116
47261,35
47382,113
47384,26
47404,235
47423,171
47446,101
47465,39
47491,185
47516,12
47518,33
47538,22
47566,168
47610,127
47629,129
47640,111
47644,35
47646,167
47721,114
47725,102
47736,213
47774,36
47793,22
47810,14
47894,124
47937,35
47950,75
47952,40
47970,176
47978,30
47997,145
47999,191
48001,175
48032,174
48043,104
48045,179
48082,174
48142,95
48150,31
48161,30
48214,111
48262,153
48304,133
48319,13
48322,142
48326,34
48342,172
48385,93
48394,159
48412,32
48414,35
48416,30
48516,204
48518,22
48520,31
48560,22
48593,20
48596,24
48598,123
48638,110
48649,223
48678,27
48696,156
48698,225
48738,158
48741,155
48744,161
48774,165
48780,187
48783,104
48872,247
48877,41
48879,95
48883,94
48982,101
48997,81
49013,21
49110,14
49130,130
49132,30
49220,23
49263,32
49265,153
49272,154
49274,24
49276,16
49278,83
49280,163
49284,29
49286,93
49314,39
49347,178
49389,23
49396,110
49524,114
49530,133
49647,88
49649,28
49651,86
49666,36
49688,170
49735,119
49772,160
49793,147
49822,75
49824,52
49910,143
49917,160
49932,126
49957,40
49961,127
50003,14
50005,22
50064,36
50068,133
50147,11
50158,28
50160,137
50189,17
50274,103
50354,32
50356,33
50440,20
50442,74
50445,21
50514,105
50601,29
50610,169
50613,206
50658,151
50685,152
50740,175
50792,20
50794,43
50796,12
50798,17
50800,25
50802,40
50804,106
50806,14
50842,239
50851,209
50872,168
50912,34
50923,25
50942,119
50954,3
50999,229
51024,62
51037,39
51077,24
51080,128
51082,14
51084,53
51086,34
51088,30
51091,107
51167,250
51174,115
51255,160
51314,204
51357,152
51412,36
51471,35
51498,95
51540,133
51545,20
51562,153
51573,31
51575,28
51662,138
51666,19
51694,115
51698,31
51705,229
51709,169
51834,36
51884,129
51903,21
51925,105
51927,82
51931,180
51933,24
51935,153
51937,20
51939,44
52042,25
52241,90
52245,57
52279,15
52281,108
52283,20
52287,130
52299,111
52319,122
52328,141
52375,107
52435,128
52458,78
52462,37
52579,88
52604,130
52644,149
52668,172
52694,39
52712,30
52715,11
52722,35
52724,31
52730,18
52767,173
52784,178
52831,102
52867,160
52885,130
52950,25
52952,159
52967,137
52973,140
52975,119
53000,127
53022,143
53024,173
53121,42
53123,154
53125,120
53127,39
53129,153
53138,119
53140,140
53143,12
53161,35
53280,249
53318,83
53322,115
53326,18
53355,242
53435,11
53447,166
53450,11
53453,12
53460,120
53464,27
53466,39
53468,99
53519,77
53550,94
53574,163
53578,204
53808,13
53883,213
53894,143
53921,112
53953,62
53956,92
53972,118
53974,25
53993,21
53996,98
54001,153
54004,112
54116,84
54121,40
54185,128
54190,193
54256,61
54259,141
54272,133
54274,14
54276,98
54281,113
54286,123
54354,164
54372,155
54503,180
54617,118
54648,25
54686,37
54732,40
54734,28
54736,162
54745,93
54768,16
54771,36
54780,75
54785,84
54787,116
54796,108
54881,159
54908,10
54910,169
54934,2
54962,23
54995,147
54997,197
54999,101
55020,230
55036,22
55052,141
55061,13
55067,109
55069,180
55071,169
55080,82
55094,104
55110,37
55112,177
55116,24
55118,180
55156,161
55167,202
55190,32
55205,24
55207,36
55232,31
55241,25
55245,88
55247,175
55250,21
55253,148
55259,16
55261,27
55267,88
55269,100
55272,136
55274,29
55276,177
55278,217
55280,146
55282,62
55290,117
55292,3
55294,26
55363,199
55391,220
55442,196
55444,200
55451,116
55492,163
55553,24
55555,115
55577,70
55620,86
55687,230
55721,205
55729,31
55765,179
55768,72
55805,37
55814,187
55820,161
55830,81
55844,111
55854,35
55872,101
55908,181
55946,170
55995,23
56003,36
56012,20
56022,19
56060,233
56145,100
56152,136
56156,83
56169,161
56171,60
56174,109
56176,13
56251,173
56274,30
56286,108
56333,101
56336,36
56339,176
56367,133
56379,35
56389,167
56563,93
56587,80
56607,97
56620,36
56715,158
56757,127
56775,41
56782,194
56788,89
56801,22
56805,99
56837,33
56869,150
56908,172
56915,177
56921,146
56941,55
56949,86
57147,154
57183,236
57243,116
57274,187
57326,11
57368,88
57421,151
57499,34
57502,162
57504,200
57522,115
57526,32
57528,91
57532,30
57536,81
57637,117
57640,167
57669,194
57772,135
57843,208
57910,19
57951,30
58025,37
58047,100
58078,30
58103,120
58105,84
58107,96
58154,121
58156,32
58162,30
58191,155
58287,13
58291,230
58293,26
58295,143
58297,157
58299,108
58301,242
58303,87
58306,23
58309,212
58315,25
58332,40
58347,107
58351,154
58376,125
58404,24
58425,193
58492,36
58554,114
58559,232
58627,109
58655,104
58783,28
58803,132
58806,23
58826,28
58839,23
58842,201
58870,113
58876,83
58879,109
58964,174
58972,38
58975,104
58998,136
59014,14
59016,26
59018,223
59022,96
59026,165
59037,70
59103,179
59118,115
59126,147
59129,16
59131,111
59141,243
59143,217
59220,118
59258,76
59295,3
59306,8
59315,160
59333,38
59336,30
59369,133
59387,170
59421,30
59429,20
59440,106
59501,124
59549,175
59604,139
59615,30
59667,154
59725,22
59727,78
59731,111
59738,32
59784,100
59810,116
59814,246
59900,37
59915,115
59947,19
59985,154
59995,153
60030,204
60037,39
60040,68
60046,115
60069,187
60072,71
60074,47
60126,107
60128,24
60141,20
60161,119
60289,40
60291,139
60293,150
60303,156
60333,224
60363,20
60365,13
60389,172
60397,39
60408,249
60471,120
60487,129
60514,27
60516,114
60522,27
60538,114
60647,28
60674,26
60684,150
60735,22
60737,202
60753,112
60756,148
60760,39
60766,150
60803,28
60818,173
60832,160
60857,40
60885,104
60894,39
60904,152
60937,25
60941,35
60943,218
60950,44
60979,105
61011,20
61024,137
61026,159
61071,27
61073,19
61123,11
61132,108
61160,23
61167,150
61210,103
61236,38
61240,165
61246,14
61248,90
61250,28
61255,26
61257,152
61262,11
61289,92
61319,117
61323,100
61348,8
61350,30
61352,80
61394,179
61401,26
61406,160
61465,84
61628,11
61692,37
61697,30
61705,32
61729,15
61818,10
61986,37
62008,40
62081,52
62113,39
62155,98
62208,208
62250,142
62293,113
62299,114
62336,236
62344,27
62374,133
62376,33
62383,147
62394,21
62434,145
62437,22
62439,169
62511,80
62553,160
62586,12
62644,123
62662,40
62718,20
62792,36
62799,36
62834,167
62836,152
62849,127
62956,105
62970,27
62999,125
63033,117
63062,102
63072,151
63082,162
63113,119
63131,138
63179,109
63222,83
63239,30
63276,163
63312,16
63393,4
63433,111
63436,62
63479,142
63515,168
63540,29
63768,35
63808,20
63826,151
63853,65
63859,97
63876,139
63992,23
64010,102
64030,29
64032,39
64034,116
64114,1
64116,104
64167,81
64197,205
64231,34
64249,26
64278,105
64285,131
64497,28
64499,206
64501,215
64575,90
64614,176
64620,154
64622,92
64695,176
64716,189
64839,138
64957,133
64969,127
64983,108
64993,120
64997,40
65037,109
65088,89
65126,109
65130,128
65133,113
65135,39
65188,160
65193,33
65216,159
65225,219
65230,80
65261,170
65350,2
65359,36
65514,159
65577,39
65585,100
65588,29
65596,168
65601,16
65631,157
65642,232
65651,17
65682,141
65685,111
65738,151
65740,162
65802,23
65810,31
65882,115
65982,97
66090,154
66097,137
66171,37
66198,40
66203,38
66240,110
66297,100
66310,113
66320,156
66335,21
66371,195
66427,35
66509,119
66511,213
66544,171
66665,120
66744,169
66783,39
66785,144
66798,23
66915,16
66934,174
66943,236
67087,130
67168,100
67186,30
67193,30
67197,39
67255,169
67267,88
67295,40
67361,18
67408,91
67508,177
67534,27
67618,205
67665,130
67695,23
67734,84
67788,107
67799,14
67888,249
67923,87
67997,250
68073,82
68135,148
68157,183
68159,153
68194,245
68205,32
68237,167
68269,213
68319,30
68347,166
68358,163
68444,115
68480,19
68486,160
68522,111
68536,166
68552,20
68554,86
68597,154
68600,18
68650,20
68659,37
68791,81
68793,56
68835,116
68848,223
68872,171
68886,175
68932,103
68945,162
68952,126
68954,184
68959,29
69069,120
69118,17
69122,137
69131,20
69134,120
69140,151
69211,209
69224,178
69227,11
69251,104
69275,234
69278,96
69304,150
69306,70
69394,218
69406,108
69436,28
69453,19
69469,207
69481,196
69495,108
69516,27
69524,205
69526,29
69529,211
69604,36
69606,29
69640,57
69644,26
69654,115
69685,14
69712,171
69720,212
69746,118
69757,120
69784,121
69805,128
69844,177
69849,78
69860,250
69904,29
69951,157
69953,116
69988,29
70015,16
70159,33
70183,126
70206,111
70208,164
70286,138
70293,36
70301,116
70305,117
70334,105
70336,24
70361,33
70451,228
70492,115
70521,141
70533,153
70545,18
70565,143
70599,163
70637,153
70641,30
70663,25
70687,28
70697,108
70703,12
70708,212
70728,165
70862,134
70932,19
70946,101
70984,30
70990,21
70994,38
71033,178
71057,147
71106,133
71108,213
71129,107
71131,216
71135,91
71147,31
71156,93
71160,38
71205,2
71211,147
71248,16
71252,27
71254,104
71264,142
71268,230
71282,131
71302,247
71304,171
71327,103
71341,36
71379,100
71429,38
71438,12
71453,167
71462,209
71464,86
71466,172
71468,104
71484,25
71494,109
71500,26
71518,49
71520,20
71530,48
71535,164
71550,13
71579,162
71619,168
71640,119
71668,99
71732,23
71745,25
71810,7
71823,115
71838,57
71867,40
71899,180
71902,107
71910,27
71970,156
71999,239
72011,134
72104,217
72129,118
72142,221
72165,13
72167,84
72171,102
72178,246
72224,29
72226,191
72294,30
72308,235
72330,108
72356,223
72378,30
72395,117
72405,23
72407,25
72424,14
72479,115
72489,181
72554,241
72591,100
72601,31
72603,31
72605,117
72624,106
72641,134
72692,246
72694,20
72696,17
72701,32
72714,151
72720,167
72731,69
72733,159
72737,130
72874,3
72919,37
72921,101
72982,167
72998,144
73015,28
73017,173
73023,198
73042,22
73106,29
73160,20
73211,145
73266,40
73268,112
73290,103
73319,28
73321,82
73323,191
73344,235
73386,16
73431,30
73488,11
73499,100
73501,107
73515,115
73569,127
73676,40
73681,40
73741,36
73804,164
73808,39
73822,217
73854,172
73858,14
73876,176
73881,211
73929,31
74075,16
74089,107
74095,30
74154,30
74226,227
74228,174
74275,19
74282,227
74324,238
74342,233
74370,165
74450,22
74452,27
74458,198
74508,99
74510,211
74530,22
74532,21
74545,138
74553,162
74580,17
74624,164
74647,18
74668,124
74677,170
74683,178
74685,92
74688,114
74696,38
74698,20
74727,229
74750,149
74754,149
74789,40
74791,144
74795,108
74851,28
74868,31
74916,26
74946,99
74948,154
75341,162
75389,38
75395,87
75416,12
75446,30
75803,20
75805,22
75813,76
75816,18
75947,15
75985,114
76030,1
76054,155
76060,110
76077,94
76091,225
76093,173
76143,215
76173,144
76175,21
76251,127
76293,94
76301,223
76738,120
76743,102
76751,32
76763,120
77177,176
77191,84
77201,22
77206,102
77233,109
77266,109
77364,37
77414,100
77421,26
77427,18
77455,180
77561,147
77667,39
77688,245
77709,26
77795,116
77798,14
77800,179
77841,16
77846,238
77866,79
77881,115
77893,160
77931,166
78034,111
78039,24
78041,30
78088,109
78103,25
78105,30
78116,116
78142,248
78160,101
78174,8
78209,132
78218,39
78264,39
78266,102
78316,32
78349,134
78467,17
78469,75
78499,187
78544,33
78574,117
78620,218
78626,108
78637,128
78703,122
78746,177
78772,23
78836,201
78893,16
78959,40
79006,227
79008,165
79057,87
79073,155
79091,129
79132,191
79134,115
79139,104
79185,110
79224,30
79242,32
79251,29
79259,20
79274,132
79293,31
79299,33
79333,150
79357,188
79428,81
79501,161
79536,39
79553,39
79572,26
79590,24
79592,95
79677,114
79684,150
79695,55
79702,137
79798,102
79868,22
79879,22
79895,27
79897,210
79946,102
80083,169
80094,169
80124,208
80126,30
80139,190
80162,21
80166,28
80219,80
80241,80
80363,63
80454,21
80463,157
80478,154
80489,155
80549,128
80551,110
80553,119
80572,172
80584,167
80586,177
80590,64
80615,167
80693,76
80727,83
80748,180
80831,169
80834,105
80839,23
80846,95
80858,105
80860,32
80862,121
80864,109
80880,99
80906,242
80917,118
80969,166
81018,37
81087,214
81132,126
81156,177
81158,74
81191,152
81229,114
81257,101
81383,21
81417,136
81456,37
81512,161
81520,154
81535,231
81537,54
81562,159
81564,137
81591,128
81681,11
81782,89
81784,28
81786,159
81788,172
81791,31
81819,249
81831,175
81834,151
81845,192
81847,177
81910,159
81932,121
81949,38
82041,204
82053,151
82088,34
82093,15
82095,9
82152,115
82167,23
82169,176
82202,23
82242,227
82366,222
82378,131
82459,135
82461,81
82499,29
82527,167
82534,21
82641,39
82667,153
82684,19
82744,210
82765,118
82767,105
82848,120
82852,14
82854,16
82857,218
83086,29
83132,104
83134,163
83177,15
83270,10
83349,30
83369,154
83374,109
83480,117
83601,5
83613,33
83796,24
83803,189
83827,215
83910,21
83969,227
83976,163
84152,179
84156,222
84187,115
84189,125
84240,174
84246,242
84273,201
84374,32
84392,135
84414,209
84512,220
84523,32
84553,178
84601,82
84615,22
84637,37
84696,155
84716,170
84772,64
84799,229
84844,214
84847,30
84942,121
84944,150
84950,21
84952,180
84954,67
85020,91
85022,64
85025,15
85056,58
85131,22
85179,171
85213,174
85259,166
85261,101
85295,225
85316,115
85334,19
85342,214
85354,120
85367,97
85394,35
85397,104
85399,7
85401,30
85412,142
85414,121
85438,40
85510,76
85736,211
85774,129
85780,139
85788,25
85796,26
85881,134
85885,23
86000,179
86014,114
86028,12
86059,28
86066,157
86068,7
86142,150
86190,92
86237,229
86279,101
86286,14
86290,165
86293,32
86295,29
86298,61
86320,46
86332,141
86345,198
86347,93
86355,20
86377,151
86487,246
86504,231
86548,87
86593,26
86628,167
86644,44
86668,236
86721,219
86781,217
86815,114
86817,83
86833,128
86835,31
86864,32
86880,87
86882,150
86892,218
86898,162
86911,97
86922,176
86960,11
87028,12
87192,103
87194,104
87197,40
87222,86
87232,127
87234,182
87287,156
87298,30
87304,139
87306,150
87413,15
87430,28
87444,28
87483,30
87485,37
87520,23
87522,25
87529,76
87660,228
87785,24
87834,224
87867,22
87869,113
87876,74
87960,36
88069,177
88094,37
88108,35
88125,156
88129,140
88140,135
88163,156
88179,107
88235,128
88267,38
88272,101
88327,33
88345,174
88356,13
88405,41
88448,200
88515,31
88593,29
88672,81
88697,22
88699,116
88744,103
88746,103
88785,30
88810,159
88812,23
88911,32
88932,204
88954,82
89028,34
89030,98
89039,223
89047,172
89072,161
89085,27
89087,29
89090,245
89118,32
89190,16
89208,117
89281,120
89305,150
89343,36
89386,10
89388,14
89427,10
89470,128
89492,167
89580,166
89582,202
89586,117
89678,158
89745,175
89753,156
89759,210
89761,37
89774,141
89804,100
89837,214
89840,37
89862,102
89864,128
89898,109
89904,182
89939,127
89945,33
90057,133
90243,102
90245,158
90249,30
90343,22
90345,120
90353,162
90357,102
90374,122
90376,115
90384,19
90403,80
90405,89
90428,36
90430,171
90439,144
90469,106
90471,34
90522,30
90524,114
90528,102
90531,123
90576,245
90600,129
90603,143
90630,102
90647,133
90717,115
90719,23
90738,16
90746,107
90769,162
90809,35
90863,158
90866,124
90888,24
90890,21
90943,245
90945,39
91077,167
91079,22
91094,24
91104,25
91126,31
91128,120
91233,162
91261,113
91266,21
91273,20
91323,32
91325,25
91337,164
91353,126
91355,219
91386,241
91414,6
91470,36
91483,15
91485,118
91488,135
91500,107
91529,150
91535,72
91542,124
91571,28
91622,22
91628,11
91630,127
91653,98
91658,101
91660,20
91666,152
91671,17
91688,13
91690,147
91784,225
91842,39
91860,154
91869,107
91873,16
91890,31
91935,22
91947,202
91974,142
91976,34
91978,74
91981,29
92008,38
92046,36
92048,99
92094,103
92192,15
92198,10
92234,15
92243,226
92259,186
92264,16
92309,26
92348,176
92391,80
92420,94
92422,121
92427,5
92439,40
92475,248
92494,206
92507,99
92509,28
92535,228
92637,112
92643,234
92665,28
92674,24
92681,5
92694,202
92730,11
92760,113
92938,11
92954,102
93006,221
93008,220
93022,222
93040,180
93114,30
93134,112
93139,12
93193,36
93208,13
93242,13
93270,25
93272,54
93287,148
93297,147
93320,209
93326,23
93363,45
93443,90
93502,26
93510,163
93512,174
93563,62
93598,24
93610,36
93721,192
93723,26
93740,17
93766,27
93790,174
93805,137
93819,110
93831,27
93838,238
93840,190
93855,223
93980,10
93982,11
93988,208
94011,11
94015,36
94018,20
94070,176
94122,18
94130,108
94150,167
94160,34
94262,35
94266,24
94323,30
94325,159
94405,120
94478,21
94494,23
94503,150
94661,160
94677,134
94735,169
94777,100
94780,33
94799,100
94810,238
94833,100
94864,84
94867,112
94896,112
94919,25
94931,110
94953,30
94959,137
94985,174
95004,152
95067,40
95088,135
95105,82
95135,157
95145,114
95147,84
95149,227
95163,100
95165,179
95167,119
95170,162
95175,241
95182,36
95193,12
95199,36
95201,30
95207,28
95218,112
95307,26
95309,185
95311,209
95313,249
95377,156
95441,90
95449,21
95473,177
95475,155
95497,128
95499,151
95508,118
95510,96
95519,170
95543,37
95558,82
95583,29
95624,30
95633,235
95654,188
95690,214
95717,15
95720,39
95738,37
95744,26
95761,218
95771,154
95780,161
95796,12
95839,35
95843,203
95858,154
95873,109
95875,73
95939,159
95949,104
95965,154
96004,84
96007,12
96020,124
96079,151
96084,211
96110,109
96114,13
96121,8
96150,10
96281,116
96283,35
96373,247
96411,163
96417,60
96430,210
96432,133
96448,28
96471,32
96488,208
96518,40
96520,20
96530,20
96563,165
96567,156
96588,120
96606,170
96608,206
96610,129
96616,23
96655,32
96691,122
96726,12
96728,171
96737,140
96811,169
96815,30
96821,176
96829,244
96832,247
96861,98
96917,156
96935,234
96945,106
96964,14
96975,119
97024,8
97168,101
97172,27
97188,156
97194,11
97225,108
97230,38
97285,108
97304,152
97306,114
97328,31
97470,15
97643,32
97665,25
97701,31
97742,19
97752,143
97757,164
97785,35
97836,28
97858,13
97860,78
97866,243
97870,171
97904,179
97913,131
97921,138
97923,116
97936,32
97938,133
97950,28
97988,24
98061,109
98083,169
98122,35
98124,165
98154,244
98160,20
98175,19
98203,12
98230,110
98239,27
98243,133
98279,160
98296,15
98361,174
98491,220
98499,37
98503,32
98585,108
98604,227
98607,242
98623,36
98633,113
98697,30
98799,29
98809,172
98836,19
98908,14
98961,182
99005,12
99007,106
99030,177
99087,37
99106,22
99112,111
99114,159
99117,75
99122,108
99130,114
99145,125
99149,111
99191,179
99415,12
99437,166
99532,27
99574,39
99636,215
99638,31
99721,17
99728,82
99750,105
99764,207
99813,164
99846,37
99853,164
99910,80
99917,77
99992,31
100044,173
100068,102
100083,103
100106,110
100159,217
100163,38
100194,225
100226,10
100277,177
100302,39
100304,32
100306,112
100326,27
100383,180
100390,33
100397,115
100487,18
100498,23
100507,134
100527,155
100553,203
100556,242
100579,164
100611,165
100714,119
100737,115
100810,33
100843,106
100882,220
100906,212
101025,23
101070,28
101072,28
101074,15
101076,34
101088,127
101112,45
101142,126
101283,37
101360,17
101362,30
101415,19
101423,39
101525,103
101529,10
101531,17
101577,26
101612,36
101739,80
101741,136
101765,248
101864,92
101884,13
101895,178
101962,163
101973,20
102007,34
102025,18
102033,80
102058,34
102066,180
102070,38
102084,227
102088,18
102123,86
102125,129
102165,15
102194,249
102217,245
102278,10
102338,226
102378,28
102407,93
102445,129
102481,134
102590,32
102602,173
102666,228
102684,123
102686,83
102716,95
102720,36
102735,16
102742,180
102747,101
102749,8
102760,161
102800,25
102802,20
102819,37
102823,104
102852,40
102880,18
102903,115
102984,239
102993,74
103027,32
103042,90
103048,100
103075,82
103085,37
103107,219
103137,12
103141,157
103171,16
103210,18
103219,102
103221,26
103228,129
103233,34
103235,176
103245,20
103249,56
103253,95
103335,127
103339,38
103341,104
103366,10
103372,103
103384,20
103449,8
103483,201
103502,16
103539,99
103543,118
103596,13
103602,222
103606,164
103609,15
103624,165
103655,18
103685,235
103688,217
103755,25
103772,85
103801,25
103810,69
103819,27
103865,11
103883,156
103980,97
103984,114
104017,1
104069,183
104074,14
104076,16
104078,163
104129,82
104141,35
104211,141
104218,94
104241,119
104243,84
104245,38
104272,39
104283,151
104303,30
104337,12
104339,160
104374,165
104419,94
104457,147
104644,17
104760,2
104780,241
104837,16
104841,144
104863,23
104875,166
104879,182
104906,60
104908,35
104913,174
104925,103
104944,140
105020,20
105037,21
105121,7
105197,194
105211,32
105213,64
105246,109
105250,133
105254,110
105325,7
105351,29
105355,96
105468,29
105504,198
105540,240
105585,179
105593,226
105653,164
105720,38
105731,23
105746,218
105755,18
105801,37
105835,179
105844,145
105954,122
106002,102
106062,99
106072,80
106100,168
106144,112
106330,12
106438,91
106441,40
106487,138
106489,123
106491,29
106540,35
106542,19
106594,233
106642,215
106648,31
106696,131
106766,138
106782,161
106785,32
106839,129
106873,30
106883,11
106889,169
106916,85
106918,164
106920,167
106927,38
107013,1
107069,39
107141,126
107159,173
107314,39
107338,26
107348,87
107406,102
107408,205
107410,159
107412,238
107436,32
107447,169
107449,15
107462,217
107565,20
107630,248
107702,20
107723,30
107771,204
107780,153
107846,110
107945,12
107951,205
107953,175
107962,19
107997,25
107999,178
108078,249
108090,119
108156,77
108188,17
108190,40
108192,115
108540,225
108601,19
108689,25
108715,18
108727,213
108729,112
108795,245
108928,29
108932,156
108945,28
108949,86
108981,228
109042,21
109161,216
109183,20
109187,39
109191,17
109241,247
109282,38
109295,10
109313,178
109317,28
109372,27
109374,137
109383,119
109416,10
109483,29
109487,152
109569,14
109576,15
109578,81
109596,156
109633,223
109673,20
109687,200
109723,111
109846,92
109848,29
109850,142
109853,39
109864,20
109895,12
109897,13
109941,40
109968,237
109971,222
110102,136
110127,30
110130,250
110281,177
110286,111
110297,98
110330,245
110350,248
110387,173
110501,178
110541,27
110553,28
110586,171
110591,221
110603,7
110611,22
110655,17
110669,136
110718,165
110730,21
110746,163
110771,34
110773,11
110781,28
110826,15
110882,159
111113,92
111146,249
111320,18
111360,30
111362,179
111364,21
111375,20
111384,167
111443,21
111551,114
111617,154
111622,180
111659,24
111663,20
111680,18
111732,104
111743,36
111759,172
111781,137
111785,3
111795,30
111800,32
111817,118
111844,112
111913,232
111921,98
112006,164
112070,102
112138,123
112171,91
112175,135
112183,97
112290,154
112303,18
112316,29
112326,15
112334,221
112370,10
112421,229
112450,15
112454,116
112460,30
112497,18
112512,201
112515,236
112552,187
112556,146
112580,167
112623,104
112727,35
112749,17
112788,26
112804,177
112818,90
112852,180
112868,246
112897,113
112911,10
112940,233
113159,109
113186,40
113207,102
113225,30
113252,207
113275,238
113278,40
113280,157
113313,113
113345,10
113348,24
113350,13
113374,32
113378,23
113394,170
113416,10
113453,58
113532,101
113565,168
113573,94
113604,19
113705,118
113741,152
113780,30
113829,223
113849,29
113862,165
114028,164
114044,100
114060,33
114066,167
114074,80
114126,21
114180,38
114184,117
114246,32
114265,206
114335,40
114396,15
114494,14
114554,17
114601,24
114627,93
114662,120
114670,107
114678,211
114707,37
114713,31
114762,39
114795,117
114818,23
114847,30
114925,14
114935,161
115065,19
115111,118
115122,246
115149,164
115151,14
115170,30
115203,35
115210,130
115216,34
115231,91
115502,109
115569,189
115617,152
115664,175
115667,107
115680,164
115713,177
115727,237
115819,32
115828,227
115877,126
115969,179
116044,16
116138,15
116169,24
116207,18
116411,222
116413,34
116419,16
116505,35
116529,38
116668,156
116718,112
116724,150
116738,104
116797,183
116799,128
116817,249
116823,166
116849,25
116887,27
116897,247
116941,12
116963,15
116977,27
116985,14
117107,29
117109,33
117133,114
117176,129
117192,224
117364,151
117368,108
117444,30
117466,101
117511,39
117529,83
117531,229
117533,154
117545,123
117572,21
117590,139
117630,7
117646,247
117849,241
117851,121
117867,151
117877,33
117881,149
117887,163
117895,18
117922,105
118082,102
118166,100
118198,28
118248,16
118270,204
118290,18
118326,19
118354,32
118512,18
118530,221
118572,113
118696,115
118700,24
118702,22
118706,152
118784,113
118814,12
118834,240
118862,150
118880,107
118888,231
118894,217
118896,174
118900,36
118924,33
118930,200
118985,138
118997,30
119068,16
119141,106
119145,151
119153,215
119155,113
119167,104
119218,25
119655,21
119714,119
119828,33
119964,18
120130,210
120138,231
120466,81
120478,216
120625,249
120635,21
120637,28
120761,104
120783,26
120799,28
120807,180
120813,245
120827,30
120919,39
121007,175
121035,14
121097,24
121099,29
121129,20
121169,111
121171,161
121231,199
121253,32
121338,207
121342,108
121372,206
121374,245
121469,207
121715,113
121781,240
122092,249
122246,15
122260,30
122433,13
122490,20
122627,14
122882,178
122884,25
122886,158
122888,18
122890,119
122892,127
122896,145
122898,22
122900,125
122902,30
122904,163
122906,142
122912,159
122916,180
122918,170
122920,131
122922,133
122924,56
122926,195
122932,17
123200,241
123310,20
123545,30
123553,8
123947,22
124273,232
124404,247
124484,34
124851,212
124853,155
124859,12
125221,13
125914,36
125916,3
125970,116
125974,122
126088,242
126090,225
126142,176
126420,20
126426,180
126430,239
126482,32
126548,90
126577,179
126921,205
127052,177
127096,124
127098,202
127108,150
127114,161
127116,208
127130,175
127132,13
127134,103
127136,96
127146,38
127152,229
127164,106
127172,109
127180,156
127184,162
127194,19
127198,149
127202,131
127204,127
127212,244
127298,180
127319,19
127323,10
127390,154
128087,225
128089,201
128097,157
128099,245
128197,17
128360,143
128366,173
128488,40
128512,15
128520,150
128542,102
128592,7
128594,176
128620,153
128695,24
128736,105
128832,119
128838,107
128842,163
128852,126
128900,245
128902,154
128908,177
128914,214
128944,117
128968,179
128975,35
128991,239
129011,113
129229,18
129250,2
129313,179
129333,12
129354,96
129397,24
129428,35
129514,224
129657,8
129659,100
129737,27
129779,29
129937,26
130050,35
130052,100
130073,173
130083,20
130087,127
130444,177
130450,21
130452,154
130482,157
130490,34
130498,115
130518,155
130520,93
130576,30
130578,164
130634,23
130686,32
130840,238
130842,153
130970,242
130976,206
130978,219
131013,75
131023,250
131098,226
131104,219
131130,207
131237,226
131439,35
131480,11
131578,30
131610,211
131656,30
131714,35
131724,209
131739,30
131749,33
131796,155
131826,145
131920,224
131934,19
132046,25
132084,20
132153,213
132157,28
132333,208
132335,11
132362,113
132422,83
132424,20
132454,103
132462,15
132488,10
132496,210
132584,115
132618,15
132660,136
132796,19
132800,36
132888,39
133115,171
133195,19
133217,106
133281,11
133365,10
133377,11
133419,114
133545,3
133645,164
133712,126
133716,203
133771,169
133780,38
133782,13
133798,11
133802,214
133832,104
133867,247
133879,153
134004,234
134019,105
134021,26
134041,161
134095,200
134109,248
134130,162
134158,20
134170,149
134184,226
134214,112
134246,9
134248,37
134252,201
134326,244
134334,218
134368,147
134393,77
134515,40
134524,37
134528,7
134775,18
134783,15
134796,223
134808,20
134847,219
134849,167
134853,161
134859,104
134861,28
134881,218
135133,121
135137,23
135143,132
135198,177
135216,3
135288,32
135436,43
135456,89
135518,26
135532,81
135534,111
135536,37
135567,25
135569,105
135777,243
135787,119
135803,117
135815,152
135861,29
135885,30
135887,61
135937,33
136012,13
136016,32
136018,24
136020,57
136024,35
136297,20
136305,11
136341,221
136353,235
136355,237
136359,219
136443,12
136445,227
136447,211
136449,133
136469,201
136471,113
136503,239
136511,10
136540,211
136556,241
136562,150
136564,23
136598,101
136602,40
136654,20
136664,5
136666,28
136778,17
136786,10
136800,16
136816,28
136834,243
136838,21
136840,119
136850,246
136859,12
136864,22
136912,19
136958,13
137218,25
137337,103
137345,11
137517,12
137595,165
137857,126
137859,169
137863,162
138036,101
138186,16
138204,156
138208,35
138210,87
138396,107
138546,14
138610,10
138632,223
138702,37
138798,15
138835,236
138966,240
139052,14
139130,24
139157,247
139385,161
139415,37
139511,39
139640,211
139642,37
139644,128
139655,36
139717,11
139747,108
139855,91
139857,15
139859,24
139915,27
139994,160
140016,17
140038,238
140110,126
140133,232
140162,230
140174,141
140237,18
140247,81
140265,218
140267,165
140289,165
140301,37
140359,178
140481,245
140523,105
140525,16
140541,170
140561,150
140627,238
140711,29
140715,242
140725,116
140737,113
140816,243
140850,20
140852,10
140928,72
140956,102
141004,80
141131,27
141400,157
141408,145
141422,29
141513,177
141544,104
141646,106
141668,12
141688,109
141718,205
141749,142
141799,106
141810,155
141816,231
141818,233
141820,174
141830,96
141836,236
141844,236
141846,159
141866,80
141890,33
141928,230
141994,11
142020,227
142056,30
142074,18
142115,211
142196,237
142222,77
142366,30
142372,24
142420,38
142422,249
142424,11
142444,217
142448,46
142456,176
142488,187
142507,29
142509,134
142536,15
142550,232
142558,37
142598,155
142602,7
142831,227
142961,20
142997,36
143001,13
143031,245
143245,21
143255,10
143257,40
143355,80
143365,24
143367,150
143385,102
143410,15
143458,160
143472,14
143511,209
143525,154
143559,244
143859,36
143896,207
143969,33
144210,158
144222,39
144262,20
144352,4
144478,203
144522,15
144606,152
144620,19
144714,20
144716,14
144734,211
144976,205
145080,25
145150,33
145283,108
145418,178
145491,116
145724,9
145745,30
145839,22
145935,12
145951,20
145994,227
146024,160
146028,164
146210,36
146244,150
146309,173
146656,125
146662,226
146682,164
146684,214
146688,12
146730,17
146986,162
147002,176
147142,37
147196,203
147250,234
147282,172
147286,206
147300,208
147326,228
147328,206
147330,200
147372,122
147374,186
147376,214
147378,35
147380,32
147382,210
147384,177
147410,202
147657,162
147662,39
147936,244
148166,113
148172,26
148238,25
148424,132
148482,30
148592,36
148626,170
148632,219
148652,90
148667,116
148671,227
148675,11
148709,20
148775,176
148881,237
148888,20
148956,67
148978,154
148982,178
149011,103
149144,152
149146,160
149330,161
149334,30
149350,216
149352,22
149354,29
149380,18
149406,83
149508,202
149566,217
149590,21
149612,14
149830,245
149902,12
150254,12
150401,31
150548,162
150554,238
150596,236
150604,25
150696,212
150993,172
151311,36
151315,11
151317,19
151455,33
151479,20
151501,14
151557,26
151559,16
151653,19
151687,2
151695,159
151739,36
151745,7
151759,22
151763,158
151769,240
151777,40
151781,106
152037,20
152063,3
152065,116
152071,13
152077,142
152079,13
152081,158
152083,83
152085,25
152091,77
152105,201
152173,170
152270,106
152284,109
152372,119
152591,155
152658,20
152711,234
152970,232
153070,110
153236,37
153386,34
153408,177
154065,18
154358,156
154975,176
155064,32
155168,174
155288,31
155358,19
155509,105
155589,39
155659,174
155743,15
155774,106
155812,89
155820,21
155892,13
156025,243
156371,190
156387,172
156553,20
156605,221
156607,14
156609,30
156675,10
156706,25
156726,23
156781,166
156783,23
157108,244
157110,201
157122,30
157130,16
157172,10
157200,22
157270,26
157296,138
157312,21
157340,20
157369,177
157407,17
157432,5
157699,178
157775,245
157865,13
158022,17
158027,207
158035,119
158238,159
158254,11
158388,25
158398,210
158402,26
158528,23
158721,102
158783,24
158813,13
158830,21
158842,102
158872,129
158874,30
158882,204
158956,27
158966,237
158972,130
159061,35
159069,232
159077,23
159093,129
159161,248
159193,39
159403,33
159415,95
159441,103
159510,13
159690,12
159717,121
159755,28
159779,163
159811,212
159817,226
159849,22
159858,22
159976,201
160080,68
160271,143
160289,208
160341,20
160400,40
160422,36
160438,20
160440,16
160527,212
160563,54
160565,27
160567,91
160569,2
160571,35
160573,37
160644,229
160646,26
160684,100
160718,227
160730,19
160836,38
160848,234
160872,16
160954,29
160978,4
160980,64
161008,21
161024,223
161032,30
161044,31
161127,129
161131,139
161290,18
161354,35
161580,161
161582,120
161594,108
161634,91
161830,5
161918,20
161922,88
161966,178
162082,112
162344,235
162350,128
162414,237
162478,166
162578,171
162590,7
162598,106
162600,30
162602,212
162606,38
162828,25
162968,156
162982,31
163056,153
163072,217
163112,235
163134,162
163386,212
163527,175
163639,172
163645,165
163653,40
163809,21
163925,227
163937,105
163981,101
163985,214
164179,158
164200,165
164226,222
164280,116
164367,236
164375,16
164540,115
164647,30
164655,14
164707,177
164753,18
164881,19
164909,91
164917,232
165075,27
165101,37
165103,141
165139,13
165343,11
165347,19
165483,158
165489,28
165529,19
165549,39
165551,201
165635,9
165639,154
165645,13
165671,216
165843,163
165947,97
165959,247
165969,173
166015,100
166024,207
166183,223
166203,178
166291,151
166461,119
166492,117
166526,2
166528,160
166534,81
166558,30
166568,212
166635,130
166643,146
166705,36
166946,232
167018,61
167036,147
167064,241
167296,14
167370,25
167380,214
167538,16
167570,173
167634,249
167706,26
167732,112
167746,137
167772,10
167790,119
167854,215
168026,158
168090,170
168144,159
168174,32
168218,233
168248,192
168250,145
168252,207
168254,72
168266,136
168326,155
168350,23
168358,30
168366,116
168418,140
168456,17
168492,130
168608,35
168612,133
168632,157
168712,12
168846,205
169034,244
169180,30
169670,13
169904,11
169912,33
169958,1
169982,30
169984,28
169992,114
170289,17
170297,17
170355,144
170357,162
170399,178
170401,33
170411,150
170551,22
170597,214
170697,184
170705,248
170777,242
170813,39
170817,167
170827,109
170837,160
170875,28
170897,12
170907,165
170937,35
170939,111
170945,106
170957,35
170993,163
171011,191
171023,173
171251,175
171495,238
171631,4
171695,34
171701,119
171749,232
171751,27
171759,35
171763,207
171765,135
171811,169
171867,94
171891,111
171917,237
172013,39
172215,30
172229,38
172233,24
172253,34
172321,15
172461,33
172497,179
172547,25
172577,229
172583,234
172585,203
172587,202
172589,214
172591,243
172637,205
172705,250
172793,228
172825,242
172875,249
172881,115
172887,33
172909,235
173145,38
173197,212
173205,150
173209,174
173235,206
173253,108
173255,26
173291,37
173307,6
173317,249
173351,248
173355,208
173535,222
173619,238
173751,10
173873,20
173925,212
173941,33
173963,213
174045,162
174053,205
174055,109
174141,119
174403,27
174479,180
174551,217
174681,116
174727,30
174737,38
174815,112
174909,238
175197,117
175199,160
175293,209
175303,89
175387,233
175397,204
175401,162
175431,226
175435,201
175475,6
175485,17
175569,98
175577,20
175585,102
175661,27
175693,20
175705,109
175707,39
175743,39
175781,32
176051,113
176101,41
176329,163
176371,176
176389,11
176413,207
176415,111
176419,95
176423,176
176579,1
176601,246
176621,16
176751,212
176805,167
176935,13
177185,211
177285,36
177593,215
177615,100
177763,39
177765,123
177939,209
178061,94
178111,15
178129,117
178323,110
178613,169
178615,103
178827,218
179053,114
179073,35
179119,178
179133,225
179135,236
179211,35
179401,131
179427,150
179491,3
179511,170
179709,34
179749,13
179813,178
179815,17
179817,152
179819,68
179953,109
180031,128
180045,165
180095,151
180231,158
180263,12
180265,214
180297,129
180497,214
180777,248
180985,39
180987,18
181065,144
181139,19
181315,108
181413,207
181659,26
181719,103
182293,170
182297,158
182299,175
182639,170
182715,163
182727,13
182731,228
182749,27
182793,117
182823,36
183011,15
183197,116
183199,165
183227,118
183295,114
183301,39
183317,229
183611,151
183635,103
183897,110
183911,16
183959,237
184015,114
184053,10
184245,205
184253,29
184257,171
184349,118
184471,21
184641,1
184721,161
184791,81
184931,180
184987,33
184997,153
185029,28
185031,202
185033,11
185135,221
185435,34
185473,31
185585,26
186587,31
187031,83
187541,38
187593,152
187595,167
187717,245
188189,204
188301,147
188675,118
188751,223
188797,156
188833,207
189043,29
189111,34
189333,121
189381,28
189547,13
189713,23
190183,110
190207,10
190209,158
190213,19
190215,20
190219,1
190221,10
191005,232
193565,102
193567,31
193571,175
193573,160
193579,117
193581,160
193583,109
193585,101
193587,103
193609,151
